"cod_municipio","municipio","estado","valor"
2408508,Ouro Branco,RN,20
2516409,Tacima,PB,1200
3154705,Ribeirão Vermelho,MG,400
3165008,São Tiago,MG,1600
3523909,Itu,SP,450
4107256,Douradina,PR,950
5213103,Mineiros,GO,95000
5213509,Monte Alegre de Goiás,GO,60
5213707,Montes Claros de Goiás,GO,4000
5213756,Montividiu,GO,116400
5213772,Montividiu do Norte,GO,294
5213806,Morrinhos,GO,7000
5213855,Morro Agudo de Goiás,GO,160
5213905,Mossâmedes,GO,400
5214002,Mozarlândia,GO,250
5214051,Mundo Novo,GO,300
5214101,Mutunópolis,GO,467
5214408,Nazário,GO,90
5214606,Niquelândia,GO,8200
5214705,Nova América,GO,65
5214804,Nova Aurora,GO,420
5214838,Nova Crixás,GO,1500
5214861,Nova Glória,GO,1250
5214879,Nova Iguaçu de Goiás,GO,100
5215009,Nova Veneza,GO,30
5215207,Novo Brasil,GO,125
5215231,Novo Gama,GO,335
5215256,Novo Planalto,GO,363
5215306,Orizona,GO,17800
5215405,Ouro Verde de Goiás,GO,980
5215504,Ouvidor,GO,1668
5215603,Padre Bernardo,GO,10500
5215652,Palestina de Goiás,GO,5000
5215702,Palmeiras de Goiás,GO,9800
5215801,Palmelo,GO,290
5215900,Palminópolis,GO,1500
5216007,Panamá,GO,1870
5216304,Paranaiguara,GO,480
5216403,Paraúna,GO,59000
5216452,Perolândia,GO,35000
5216809,Petrolina de Goiás,GO,1050
5216908,Pilar de Goiás,GO,60
5217104,Piracanjuba,GO,10500
5217302,Pirenópolis,GO,840
5217401,Pires do Rio,GO,5950
5217609,Planaltina,GO,7100
5217708,Pontalina,GO,4100
1100015,Alta Floresta D'Oeste,RO,10562
1100023,Ariquemes,RO,1900
1100031,Cabixi,RO,22620
1100049,Cacoal,RO,2859
1100056,Cerejeiras,RO,28050
1100064,Colorado do Oeste,RO,2280
1100072,Corumbiara,RO,34520
1100080,Costa Marques,RO,120
1100098,Espigão D'Oeste,RO,3484
1100106,Guajará-Mirim,RO,50
1100114,Jaru,RO,200
1100122,Ji-Paraná,RO,40
1100130,Machadinho D'Oeste,RO,350
1100148,Nova Brasilândia D'Oeste,RO,990
1100155,Ouro Preto do Oeste,RO,30
1100189,Pimenta Bueno,RO,2019
1100205,Porto Velho,RO,21885
1100254,Presidente Médici,RO,200
1100262,Rio Crespo,RO,8150
1100288,Rolim de Moura,RO,4800
1100296,Santa Luzia D'Oeste,RO,2539
1100304,Vilhena,RO,33015
1100320,São Miguel do Guaporé,RO,6884
1100338,Nova Mamoré,RO,1200
1100346,Alvorada D'Oeste,RO,170
1100379,Alto Alegre dos Parecis,RO,37500
1100403,Alto Paraíso,RO,10728
1100452,Buritis,RO,900
1100502,Novo Horizonte do Oeste,RO,1885
1100700,Campo Novo de Rondônia,RO,420
1100809,Candeias do Jamari,RO,2400
1100908,Castanheiras,RO,3176
1100924,Chupinguaia,RO,20060
1100940,Cujubim,RO,2350
1101005,Governador Jorge Teixeira,RO,300
1101104,Itapuã do Oeste,RO,367
1101203,Ministro Andreazza,RO,300
1101302,Mirante da Serra,RO,1800
1101401,Monte Negro,RO,110
1101435,Nova União,RO,316
1101450,Parecis,RO,847
1101468,Pimenteiras do Oeste,RO,35505
1101476,Primavera de Rondônia,RO,70
1101484,São Felipe D'Oeste,RO,3775
1101492,São Francisco do Guaporé,RO,1490
1101500,Seringueiras,RO,1150
1101559,Teixeirópolis,RO,40
1101609,Theobroma,RO,1357
1101708,Urupá,RO,247
1101757,Vale do Anari,RO,2400
1101807,Vale do Paraíso,RO,50
1200013,Acrelândia,AC,900
1200054,Assis Brasil,AC,550
1200104,Brasiléia,AC,1545
1200138,Bujari,AC,1430
1200179,Capixaba,AC,3300
1200203,Cruzeiro do Sul,AC,730
1200252,Epitaciolândia,AC,1580
1200302,Feijó,AC,2900
1200328,Jordão,AC,430
1200336,Mâncio Lima,AC,480
1200344,Manoel Urbano,AC,590
1200351,Marechal Thaumaturgo,AC,640
1200385,Plácido de Castro,AC,3200
1200393,Porto Walter,AC,220
1200401,Rio Branco,AC,3750
1200427,Rodrigues Alves,AC,450
1200435,Santa Rosa do Purus,AC,260
1200450,Senador Guiomard,AC,3120
1200500,Sena Madureira,AC,1750
1200609,Tarauacá,AC,2600
1200708,Xapuri,AC,1580
1200807,Porto Acre,AC,2100
1300029,Alvarães,AM,2
1300086,Anamã,AM,48
1300102,Anori,AM,30
1300144,Apuí,AM,650
1300201,Atalaia do Norte,AM,20
1300300,Autazes,AM,80
1300508,Barreirinha,AM,3
1300607,Benjamin Constant,AM,7
1300680,Boa Vista do Ramos,AM,3
1300706,Boca do Acre,AM,570
1300805,Borba,AM,20
1300904,Canutama,AM,35
1301001,Carauari,AM,10
1301100,Careiro,AM,20
1301209,Coari,AM,50
1301407,Eirunepé,AM,11
1301506,Envira,AM,400
1301654,Guajará,AM,22
1301704,Humaitá,AM,240
1301803,Ipixuna,AM,64
1301902,Itacoatiara,AM,69
1301951,Itamarati,AM,15
1302207,Juruá,AM,6
1302405,Lábrea,AM,125
1302553,Manaquiri,AM,40
1302900,Maués,AM,3
1303007,Nhamundá,AM,12
1303304,Novo Aripuanã,AM,33
1303403,Parintins,AM,10
1303502,Pauini,AM,119
1303536,Presidente Figueiredo,AM,30
1303809,São Gabriel da Cachoeira,AM,3
1303957,São Sebastião do Uatumã,AM,43
1304062,Tabatinga,AM,11
1304104,Tapauá,AM,27
1304260,Uarini,AM,6
1304302,Urucará,AM,18
1304401,Urucurituba,AM,27
1400027,Amajari,RR,400
1400050,Alto Alegre,RR,3000
1400100,Boa Vista,RR,2200
1400159,Bonfim,RR,13000
1400175,Cantá,RR,800
1400209,Caracaraí,RR,800
1400282,Iracema,RR,609
1400308,Mucajaí,RR,300
1400407,Normandia,RR,120
1400472,Rorainópolis,RR,84
1400506,São João da Baliza,RR,60
1500107,Abaetetuba,PA,90
1500131,Abel Figueiredo,PA,210
1500206,Acará,PA,50
1500347,Água Azul do Norte,PA,4500
1500404,Alenquer,PA,3000
1500503,Almeirim,PA,95
1500602,Altamira,PA,10500
1500859,Anapu,PA,800
1500909,Augusto Corrêa,PA,170
1500958,Aurora do Pará,PA,850
1501006,Aveiro,PA,400
1501204,Baião,PA,200
1501303,Barcarena,PA,300
1501451,Belterra,PA,19500
1501576,Bom Jesus do Tocantins,PA,195
1501600,Bonito,PA,70
1501709,Bragança,PA,600
1501725,Brasil Novo,PA,300
1501758,Brejo Grande do Araguaia,PA,700
1501907,Bujaru,PA,120
1501956,Cachoeira do Piriá,PA,650
1502103,Cametá,PA,264
1502152,Canaã dos Carajás,PA,6180
1502202,Capanema,PA,400
1502301,Capitão Poço,PA,1500
1502400,Castanhal,PA,400
1502608,Colares,PA,10
1502707,Conceição do Araguaia,PA,800
1502756,Concórdia do Pará,PA,60
1502764,Cumaru do Norte,PA,10964
1502772,Curionópolis,PA,2678
1502855,Curuá,PA,56
1502905,Curuçá,PA,20
1502939,Dom Eliseu,PA,5200
1502954,Eldorado do Carajás,PA,1648
1503002,Faro,PA,6
1503044,Floresta do Araguaia,PA,700
1503077,Garrafão do Norte,PA,1250
1503101,Gurupá,PA,30
1503200,Igarapé-Açu,PA,130
1503309,Igarapé-Miri,PA,40
1503408,Inhangapi,PA,10
1503457,Ipixuna do Pará,PA,2905
1503507,Irituia,PA,500
1503606,Itaituba,PA,450
1503705,Itupiranga,PA,3620
1503754,Jacareacanga,PA,85
1503903,Juruti,PA,20
1504000,Limoeiro do Ajuru,PA,18
1504059,Mãe do Rio,PA,600
1504109,Magalhães Barata,PA,30
1504208,Marabá,PA,7455
1504307,Maracanã,PA,250
1504406,Marapanim,PA,40
1504455,Medicilândia,PA,1700
1504604,Mocajuba,PA,4000
1504703,Moju,PA,800
1504752,Mojuí dos Campos,PA,39000
1504802,Monte Alegre,PA,9000
1504950,Nova Esperança do Piriá,PA,5000
1504976,Nova Ipixuna,PA,600
1505007,Nova Timboteua,PA,160
1505031,Novo Progresso,PA,4000
1505106,Óbidos,PA,100
1505205,Oeiras do Pará,PA,84
1505304,Oriximiná,PA,147
1505403,Ourém,PA,200
1505437,Ourilândia do Norte,PA,305
1505486,Pacajá,PA,1610
1505494,Palestina do Pará,PA,510
1505502,Paragominas,PA,12625
1505536,Parauapebas,PA,2800
1505601,Peixe-Boi,PA,350
1505635,Piçarra,PA,3500
1505650,Placas,PA,1230
1505908,Porto de Moz,PA,140
1506005,Prainha,PA,1900
1506104,Primavera,PA,230
1506112,Quatipuru,PA,40
1506138,Redenção,PA,2750
1506161,Rio Maria,PA,390
1506187,Rondon do Pará,PA,2754
1506195,Rurópolis,PA,2220
1506203,Salinópolis,PA,120
1506351,Santa Bárbara do Pará,PA,30
1506559,Santa Luzia do Pará,PA,400
1506583,Santa Maria das Barreiras,PA,34000
1506609,Santa Maria do Pará,PA,700
1506708,Santana do Araguaia,PA,55500
1506807,Santarém,PA,27000
1506906,Santarém Novo,PA,400
1507003,Santo Antônio do Tauá,PA,60
1507102,São Caetano de Odivelas,PA,20
1507151,São Domingos do Araguaia,PA,927
1507201,São Domingos do Capim,PA,350
1507300,São Félix do Xingu,PA,8000
1507409,São Francisco do Pará,PA,300
1507458,São Geraldo do Araguaia,PA,5900
1507466,São João da Ponta,PA,20
1507474,São João de Pirabas,PA,80
1507508,São João do Araguaia,PA,392
1507607,São Miguel do Guamá,PA,1000
1507755,Sapucaia,PA,600
1507805,Senador José Porfírio,PA,600
1507953,Tailândia,PA,18000
1507961,Terra Alta,PA,5
1507979,Terra Santa,PA,8
1508001,Tomé-Açu,PA,720
1508035,Tracuateua,PA,90
1508050,Trairão,PA,2300
1508084,Tucumã,PA,1200
1508126,Ulianópolis,PA,9880
1508159,Uruará,PA,1800
1508308,Viseu,PA,800
1508357,Vitória do Xingu,PA,300
1508407,Xinguara,PA,805
1600055,Serra do Navio,AP,88
1600105,Amapá,AP,33
1600154,Pedra Branca do Amapari,AP,88
1600204,Calçoene,AP,82
1600212,Cutias,AP,32
1600238,Ferreira Gomes,AP,55
1600253,Itaubal,AP,78
1600279,Laranjal do Jari,AP,138
1600303,Macapá,AP,119
1600402,Mazagão,AP,73
1600501,Oiapoque,AP,18
1600535,Porto Grande,AP,94
1600550,Pracuúba,AP,50
1600600,Santana,AP,66
1600709,Tartarugalzinho,AP,276
1600808,Vitória do Jari,AP,48
1700251,Abreulândia,TO,3300
1700301,Aguiarnópolis,TO,65
1700350,Aliança do Tocantins,TO,750
1700400,Almas,TO,3700
1700707,Alvorada,TO,3800
1701002,Ananás,TO,142
1701051,Angico,TO,300
1701101,Aparecida do Rio Negro,TO,15465
1701309,Aragominas,TO,850
1701903,Araguacema,TO,7000
1702000,Araguaçu,TO,1500
1702109,Araguaína,TO,1040
1702158,Araguanã,TO,14
1702208,Araguatins,TO,200
1702307,Arapoema,TO,540
1702406,Arraias,TO,620
1702554,Augustinópolis,TO,100
1702703,Aurora do Tocantins,TO,135
1702901,Axixá do Tocantins,TO,125
1703008,Babaçulândia,TO,413
1703057,Bandeirantes do Tocantins,TO,50
1703073,Barra do Ouro,TO,350
1703107,Barrolândia,TO,100
1703206,Bernardo Sayão,TO,210
1703305,Bom Jesus do Tocantins,TO,3404
1703602,Brasilândia do Tocantins,TO,50
1703701,Brejinho de Nazaré,TO,3240
1703800,Buriti do Tocantins,TO,30
1703826,Cachoeirinha,TO,70
1703842,Campos Lindos,TO,58612
1703867,Cariri do Tocantins,TO,1440
1703883,Carmolândia,TO,148
1703891,Carrasco Bonito,TO,20
1703909,Caseara,TO,24000
1704105,Centenário,TO,750
1704600,Chapada de Areia,TO,30
1705102,Chapada da Natividade,TO,4700
1705508,Colinas do Tocantins,TO,10
1705557,Combinado,TO,90
1705607,Conceição do Tocantins,TO,145
1706001,Couto Magalhães,TO,2800
1706100,Cristalândia,TO,230
1706258,Crixás do Tocantins,TO,300
1706506,Darcinópolis,TO,4000
1707009,Dianópolis,TO,10133
1707108,Divinópolis do Tocantins,TO,4400
1707207,Dois Irmãos do Tocantins,TO,1700
1707306,Dueré,TO,540
1707405,Esperantina,TO,50
1707553,Fátima,TO,670
1707652,Figueirópolis,TO,1155
1707702,Filadélfia,TO,240
1708205,Formoso do Araguaia,TO,1000
1708254,Tabocão,TO,4220
1708304,Goianorte,TO,976
1709005,Goiatins,TO,5400
1709302,Guaraí,TO,3400
1709500,Gurupi,TO,1200
1709807,Ipueiras,TO,460
1710508,Itacajá,TO,2500
1710706,Itaguatins,TO,70
1710904,Itapiratins,TO,6610
1711100,Itaporã do Tocantins,TO,20
1711506,Jaú do Tocantins,TO,720
1711803,Juarina,TO,420
1711902,Lagoa da Confusão,TO,2500
1712009,Lajeado,TO,300
1712157,Lavandeira,TO,70
1712405,Lizarda,TO,2710
1712454,Luzinópolis,TO,206
1712504,Marianópolis do Tocantins,TO,7700
1712702,Mateiros,TO,4300
1712801,Maurilândia do Tocantins,TO,115
1713205,Miracema do Tocantins,TO,2600
1713304,Miranorte,TO,8158
1713601,Monte do Carmo,TO,12295
1713700,Monte Santo do Tocantins,TO,300
1713809,Palmeiras do Tocantins,TO,171
1713957,Muricilândia,TO,210
1714203,Natividade,TO,1150
1714302,Nazaré,TO,74
1714880,Nova Olinda,TO,160
1715002,Nova Rosalândia,TO,2203
1715101,Novo Acordo,TO,940
1715150,Novo Alegre,TO,70
1715259,Novo Jardim,TO,120
1715507,Oliveira de Fátima,TO,70
1715705,Palmeirante,TO,1240
1715754,Palmeirópolis,TO,450
1716109,Paraíso do Tocantins,TO,1757
1716208,Paranã,TO,135
1716307,Pau D'Arco,TO,15
1716505,Pedro Afonso,TO,35500
1716604,Peixe,TO,3600
1716653,Pequizeiro,TO,817
1716703,Colméia,TO,60
1717008,Pindorama do Tocantins,TO,615
1717206,Piraquê,TO,1135
1717503,Pium,TO,3340
1717800,Ponte Alta do Bom Jesus,TO,160
1717909,Ponte Alta do Tocantins,TO,110
1718006,Porto Alegre do Tocantins,TO,380
1718204,Porto Nacional,TO,13700
1718303,Praia Norte,TO,100
1718402,Presidente Kennedy,TO,60
1718451,Pugmil,TO,154
1718501,Recursolândia,TO,150
1718550,Riachinho,TO,89
1718659,Rio da Conceição,TO,40
1718709,Rio dos Bois,TO,5150
1718758,Rio Sono,TO,1641
1718808,Sampaio,TO,167
1718840,Sandolândia,TO,120
1718865,Santa Fé do Araguaia,TO,6600
1718881,Santa Maria do Tocantins,TO,4300
1718899,Santa Rita do Tocantins,TO,3270
1718907,Santa Rosa do Tocantins,TO,8550
1719004,Santa Tereza do Tocantins,TO,45
1720002,Santa Terezinha do Tocantins,TO,80
1720101,São Bento do Tocantins,TO,700
1720150,São Félix do Tocantins,TO,40
1720200,São Miguel do Tocantins,TO,83
1720259,São Salvador do Tocantins,TO,60
1720309,São Sebastião do Tocantins,TO,50
1720499,São Valério,TO,650
1720655,Silvanópolis,TO,5290
1720804,Sítio Novo do Tocantins,TO,80
1720853,Sucupira,TO,680
1720903,Taguatinga,TO,350
1720937,Taipas do Tocantins,TO,75
1720978,Talismã,TO,1600
1721000,Palmas,TO,6412
1721109,Tocantínia,TO,165
1721208,Tocantinópolis,TO,172
1721257,Tupirama,TO,4950
1722081,Wanderlândia,TO,820
1722107,Xambioá,TO,700
2100055,Açailândia,MA,7797
2100105,Afonso Cunha,MA,170
2100154,Água Doce do Maranhão,MA,467
2100204,Alcântara,MA,119
2100303,Aldeias Altas,MA,770
2100402,Altamira do Maranhão,MA,350
2100436,Alto Alegre do Maranhão,MA,210
2100477,Alto Alegre do Pindaré,MA,81
2100501,Alto Parnaíba,MA,16345
2100550,Amapá do Maranhão,MA,80
2100600,Amarante do Maranhão,MA,1300
2100709,Anajatuba,MA,275
2100808,Anapurus,MA,1250
2100832,Apicum-Açu,MA,80
2100873,Araguanã,MA,100
2100907,Araioses,MA,183
2100956,Arame,MA,1575
2101004,Arari,MA,350
2101103,Axixá,MA,25
2101202,Bacabal,MA,1225
2101251,Bacabeira,MA,29
2101301,Bacuri,MA,337
2101350,Bacurituba,MA,33
2101400,Balsas,MA,114833
2101509,Barão de Grajaú,MA,395
2101608,Barra do Corda,MA,2160
2101707,Barreirinhas,MA,128
2101731,Belágua,MA,131
2101772,Bela Vista do Maranhão,MA,34
2101806,Benedito Leite,MA,187
2101905,Bequimão,MA,544
2101939,Bernardo do Mearim,MA,112
2101970,Boa Vista do Gurupi,MA,28
2102002,Bom Jardim,MA,1200
2102036,Bom Jesus das Selvas,MA,4965
2102077,Bom Lugar,MA,390
2102101,Brejo,MA,1350
2102150,Brejo de Areia,MA,373
2102200,Buriti,MA,1150
2102309,Buriti Bravo,MA,2300
2102325,Buriticupu,MA,4200
2102358,Buritirana,MA,215
2102374,Cachoeira Grande,MA,48
2102408,Cajapió,MA,87
2102507,Cajari,MA,270
2102556,Campestre do Maranhão,MA,142
2102606,Cândido Mendes,MA,200
2102705,Cantanhede,MA,508
2102754,Capinzal do Norte,MA,376
2102804,Carolina,MA,21503
2102903,Carutapera,MA,70
2103000,Caxias,MA,2000
2103109,Cedral,MA,100
2103125,Central do Maranhão,MA,67
2103158,Centro do Guilherme,MA,320
2103174,Centro Novo do Maranhão,MA,250
2103208,Chapadinha,MA,900
2103257,Cidelândia,MA,492
2103307,Codó,MA,2550
2103406,Coelho Neto,MA,500
2103505,Colinas,MA,3150
2103554,Conceição do Lago-Açu,MA,125
2103604,Coroatá,MA,1350
2103703,Cururupu,MA,56
2103752,Davinópolis,MA,200
2103802,Dom Pedro,MA,1410
2103901,Duque Bacelar,MA,190
2104008,Esperantinópolis,MA,584
2104057,Estreito,MA,1386
2104073,Feira Nova do Maranhão,MA,1458
2104081,Fernando Falcão,MA,2835
2104099,Formosa da Serra Negra,MA,1100
2104107,Fortaleza dos Nogueiras,MA,11700
2104206,Fortuna,MA,4960
2104305,Godofredo Viana,MA,68
2104404,Gonçalves Dias,MA,1075
2104503,Governador Archer,MA,245
2104552,Governador Edison Lobão,MA,150
2104602,Governador Eugênio Barros,MA,1580
2104628,Governador Luiz Rocha,MA,1650
2104651,Governador Newton Bello,MA,86
2104677,Governador Nunes Freire,MA,280
2104701,Graça Aranha,MA,705
2104800,Grajaú,MA,8147
2104909,Guimarães,MA,146
2105005,Humberto de Campos,MA,60
2105104,Icatu,MA,19
2105153,Igarapé do Meio,MA,43
2105203,Igarapé Grande,MA,273
2105302,Imperatriz,MA,54
2105351,Itaipava do Grajaú,MA,422
2105401,Itapecuru Mirim,MA,724
2105427,Itinga do Maranhão,MA,2893
2105450,Jatobá,MA,1095
2105476,Jenipapo dos Vieiras,MA,620
2105500,João Lisboa,MA,323
2105609,Joselândia,MA,270
2105658,Junco do Maranhão,MA,102
2105708,Lago da Pedra,MA,2550
2105807,Lago do Junco,MA,524
2105906,Lago Verde,MA,205
2105922,Lagoa do Mato,MA,950
2105948,Lago dos Rodrigues,MA,478
2105963,Lagoa Grande do Maranhão,MA,845
2105989,Lajeado Novo,MA,234
2106003,Lima Campos,MA,417
2106102,Loreto,MA,14500
2106201,Luís Domingues,MA,40
2106300,Magalhães de Almeida,MA,744
2106326,Maracaçumé,MA,100
2106359,Marajá do Sena,MA,1300
2106375,Maranhãozinho,MA,120
2106409,Mata Roma,MA,1100
2106508,Matinha,MA,280
2106607,Matões,MA,3000
2106631,Matões do Norte,MA,395
2106672,Milagres do Maranhão,MA,250
2106706,Mirador,MA,4100
2106755,Miranda do Norte,MA,97
2106805,Mirinzal,MA,343
2106904,Monção,MA,275
2107001,Montes Altos,MA,196
2107100,Morros,MA,103
2107209,Nina Rodrigues,MA,125
2107258,Nova Colinas,MA,1760
2107308,Nova Iorque,MA,1025
2107357,Nova Olinda do Maranhão,MA,167
2107407,Olho d'Água das Cunhãs,MA,223
2107456,Olinda Nova do Maranhão,MA,270
2107605,Palmeirândia,MA,539
2107704,Paraibano,MA,556
2107803,Parnarama,MA,4000
2107902,Passagem Franca,MA,1600
2108009,Pastos Bons,MA,2015
2108058,Paulino Neves,MA,94
2108108,Paulo Ramos,MA,953
2108207,Pedreiras,MA,204
2108256,Pedro do Rosário,MA,468
2108306,Penalva,MA,650
2108405,Peri Mirim,MA,225
2108454,Peritoró,MA,370
2108504,Pindaré-Mirim,MA,59
2108603,Pinheiro,MA,586
2108702,Pio XII,MA,365
2108801,Pirapemas,MA,330
2108900,Poção de Pedras,MA,422
2109007,Porto Franco,MA,585
2109056,Porto Rico do Maranhão,MA,49
2109106,Presidente Dutra,MA,1350
2109205,Presidente Juscelino,MA,35
2109239,Presidente Médici,MA,60
2109270,Presidente Sarney,MA,630
2109304,Presidente Vargas,MA,267
2109403,Primeira Cruz,MA,15
2109502,Riachão,MA,21440
2109551,Ribamar Fiquene,MA,101
2109601,Rosário,MA,30
2109700,Sambaíba,MA,20910
2109759,Santa Filomena do Maranhão,MA,465
2109809,Santa Helena,MA,335
2109908,Santa Inês,MA,75
2110005,Santa Luzia,MA,9500
2110039,Santa Luzia do Paruá,MA,75
2110104,Santa Quitéria do Maranhão,MA,825
2110203,Santa Rita,MA,35
2110237,Santana do Maranhão,MA,380
2110278,Santo Amaro do Maranhão,MA,25
2110302,Santo Antônio dos Lopes,MA,479
2110401,São Benedito do Rio Preto,MA,415
2110500,São Bento,MA,328
2110609,São Bernardo,MA,804
2110658,São Domingos do Azeitão,MA,3543
2110708,São Domingos do Maranhão,MA,1650
2110807,São Félix de Balsas,MA,2095
2110856,São Francisco do Brejão,MA,290
2110906,São Francisco do Maranhão,MA,814
2111003,São João Batista,MA,180
2111029,São João do Carú,MA,149
2111052,São João do Paraíso,MA,182
2111078,São João do Soter,MA,3020
2111102,São João dos Patos,MA,1760
2111250,São José dos Basílios,MA,960
2111409,São Luís Gonzaga do Maranhão,MA,785
2111508,São Mateus do Maranhão,MA,120
2111532,São Pedro da Água Branca,MA,328
2111573,São Pedro dos Crentes,MA,520
2111607,São Raimundo das Mangabeiras,MA,24900
2111631,São Raimundo do Doca Bezerra,MA,405
2111672,São Roberto,MA,86
2111706,São Vicente Ferrer,MA,390
2111722,Satubinha,MA,185
2111748,Senador Alexandre Costa,MA,2920
2111763,Senador La Rocque,MA,237
2111789,Serrano do Maranhão,MA,380
2111805,Sítio Novo,MA,1595
2111904,Sucupira do Norte,MA,792
2111953,Sucupira do Riachão,MA,263
2112001,Tasso Fragoso,MA,62870
2112100,Timbiras,MA,890
2112209,Timon,MA,1200
2112233,Trizidela do Vale,MA,310
2112274,Tufilândia,MA,29
2112308,Tuntum,MA,4250
2112407,Turiaçu,MA,1228
2112456,Turilândia,MA,461
2112506,Tutóia,MA,737
2112605,Urbano Santos,MA,270
2112704,Vargem Grande,MA,905
2112803,Viana,MA,95
2112852,Vila Nova dos Martírios,MA,740
2112902,Vitória do Mearim,MA,80
2113009,Vitorino Freire,MA,1015
2114007,Zé Doca,MA,395
2200053,Acauã,PI,2080
2200103,Agricolândia,PI,370
2200202,Água Branca,PI,425
2200251,Alagoinha do Piauí,PI,2500
2200277,Alegrete do Piauí,PI,2700
2200301,Alto Longá,PI,1146
2200400,Altos,PI,529
2200459,Alvorada do Gurguéia,PI,950
2200509,Amarante,PI,1850
2200608,Angical do Piauí,PI,512
2200707,Anísio de Abreu,PI,2732
2200806,Antônio Almeida,PI,360
2200905,Aroazes,PI,800
2200954,Aroeiras do Itaim,PI,2387
2201002,Arraial,PI,610
2201051,Assunção do Piauí,PI,2056
2201101,Avelino Lopes,PI,1242
2201150,Baixa Grande do Ribeiro,PI,67321
2201176,Barra D'Alcântara,PI,375
2201200,Barras,PI,2025
2201309,Barreiras do Piauí,PI,1722
2201408,Barro Duro,PI,400
2201507,Batalha,PI,1275
2201556,Bela Vista do Piauí,PI,1439
2201572,Belém do Piauí,PI,1720
2201606,Beneditinos,PI,424
2201705,Bertolínia,PI,350
2201739,Betânia do Piauí,PI,1015
2201770,Boa Hora,PI,98
2201804,Bocaina,PI,1015
2201903,Bom Jesus,PI,25860
2201919,Bom Princípio do Piauí,PI,1948
2201929,Bonfim do Piauí,PI,620
2201945,Boqueirão do Piauí,PI,332
2201960,Brasileira,PI,400
2201988,Brejo do Piauí,PI,1166
2202000,Buriti dos Lopes,PI,1107
2202026,Buriti dos Montes,PI,1220
2202059,Cabeceiras do Piauí,PI,550
2202075,Cajazeiras do Piauí,PI,684
2202083,Cajueiro da Praia,PI,772
2202091,Caldeirão Grande do Piauí,PI,3300
2202109,Campinas do Piauí,PI,2000
2202117,Campo Alegre do Fidalgo,PI,745
2202133,Campo Grande do Piauí,PI,1500
2202174,Campo Largo do Piauí,PI,340
2202208,Campo Maior,PI,1130
2202251,Canavieira,PI,880
2202307,Canto do Buriti,PI,6000
2202406,Capitão de Campos,PI,640
2202455,Capitão Gervásio Oliveira,PI,144
2202505,Caracol,PI,2479
2202539,Caraúbas do Piauí,PI,288
2202554,Caridade do Piauí,PI,830
2202604,Castelo do Piauí,PI,1300
2202653,Caxingó,PI,96
2202703,Cocal,PI,5552
2202711,Cocal de Telha,PI,237
2202729,Cocal dos Alves,PI,967
2202737,Coivaras,PI,233
2202752,Colônia do Gurguéia,PI,250
2202778,Colônia do Piauí,PI,898
2202802,Conceição do Canindé,PI,133
2202851,Coronel José Dias,PI,800
2202901,Corrente,PI,3872
2203008,Cristalândia do Piauí,PI,930
2203107,Cristino Castro,PI,300
2203206,Curimatá,PI,1366
2203230,Currais,PI,24061
2203255,Curralinhos,PI,234
2203271,Curral Novo do Piauí,PI,1765
2203305,Demerval Lobão,PI,270
2203354,Dirceu Arcoverde,PI,350
2203404,Dom Expedito Lopes,PI,270
2203420,Domingos Mourão,PI,760
2203453,Dom Inocêncio,PI,1650
2203503,Elesbão Veloso,PI,2850
2203602,Eliseu Martins,PI,1500
2203701,Esperantina,PI,1688
2203750,Fartura do Piauí,PI,615
2203800,Flores do Piauí,PI,810
2203859,Floresta do Piauí,PI,460
2203909,Floriano,PI,1060
2204006,Francinópolis,PI,428
2204105,Francisco Ayres,PI,1400
2204154,Francisco Macedo,PI,630
2204204,Francisco Santos,PI,215
2204303,Fronteiras,PI,3500
2204352,Geminiano,PI,2400
2204402,Gilbués,PI,7896
2204501,Guadalupe,PI,728
2204550,Guaribas,PI,1000
2204600,Hugo Napoleão,PI,550
2204659,Ilha Grande,PI,15
2204709,Inhuma,PI,1570
2204808,Ipiranga do Piauí,PI,320
2204907,Isaías Coelho,PI,1700
2205003,Itainópolis,PI,2500
2205102,Itaueira,PI,8400
2205151,Jacobina do Piauí,PI,924
2205201,Jaicós,PI,576
2205250,Jardim do Mulato,PI,360
2205276,Jatobá do Piauí,PI,800
2205300,Jerumenha,PI,120
2205359,João Costa,PI,160
2205409,Joaquim Pires,PI,892
2205458,Joca Marques,PI,220
2205508,José de Freitas,PI,1106
2205516,Juazeiro do Piauí,PI,753
2205524,Júlio Borges,PI,605
2205532,Jurema,PI,1734
2205540,Lagoinha do Piauí,PI,200
2205557,Lagoa Alegre,PI,285
2205565,Lagoa do Barro do Piauí,PI,489
2205573,Lagoa de São Francisco,PI,580
2205581,Lagoa do Piauí,PI,290
2205599,Lagoa do Sítio,PI,2455
2205607,Landri Sales,PI,7217
2205706,Luís Correia,PI,3711
2205805,Luzilândia,PI,1300
2205854,Madeiro,PI,329
2205904,Manoel Emídio,PI,377
2205953,Marcolândia,PI,790
2206001,Marcos Parente,PI,145
2206050,Massapê do Piauí,PI,745
2206100,Matias Olímpio,PI,368
2206209,Miguel Alves,PI,2375
2206308,Miguel Leão,PI,130
2206357,Milton Brandão,PI,930
2206407,Monsenhor Gil,PI,471
2206506,Monsenhor Hipólito,PI,500
2206605,Monte Alegre do Piauí,PI,4430
2206654,Morro Cabeça no Tempo,PI,529
2206670,Morro do Chapéu do Piauí,PI,470
2206696,Murici dos Portelas,PI,362
2206704,Nazaré do Piauí,PI,260
2206720,Nazária,PI,233
2206753,Nossa Senhora de Nazaré,PI,326
2206803,Nossa Senhora dos Remédios,PI,380
2206902,Novo Oriente do Piauí,PI,1200
2206951,Novo Santo Antônio,PI,368
2207009,Oeiras,PI,3700
2207108,Olho D'Água do Piauí,PI,500
2207207,Padre Marcos,PI,2292
2207306,Paes Landim,PI,600
2207355,Pajeú do Piauí,PI,700
2207405,Palmeira do Piauí,PI,9992
2207504,Palmeirais,PI,2062
2207553,Paquetá,PI,800
2207603,Parnaguá,PI,960
2207702,Parnaíba,PI,166
2207751,Passagem Franca do Piauí,PI,220
2207777,Patos do Piauí,PI,1400
2207793,Pau D'Arco do Piauí,PI,185
2207801,Paulistana,PI,1700
2207850,Pavussu,PI,900
2207900,Pedro II,PI,1700
2207934,Pedro Laurentino,PI,600
2207959,Nova Santa Rita,PI,1453
2208007,Picos,PI,2800
2208106,Pimenteiras,PI,1934
2208205,Pio IX,PI,5200
2208304,Piracuruca,PI,1614
2208403,Piripiri,PI,1334
2208502,Porto,PI,235
2208551,Porto Alegre do Piauí,PI,100
2208601,Prata do Piauí,PI,35
2208650,Queimada Nova,PI,600
2208700,Redenção do Gurguéia,PI,1100
2208809,Regeneração,PI,1286
2208858,Riacho Frio,PI,330
2208874,Ribeira do Piauí,PI,368
2208908,Ribeiro Gonçalves,PI,33740
2209005,Rio Grande do Piauí,PI,800
2209104,Santa Cruz do Piauí,PI,950
2209153,Santa Cruz dos Milagres,PI,455
2209203,Santa Filomena,PI,23154
2209302,Santa Luz,PI,800
2209351,Santana do Piauí,PI,1000
2209377,Santa Rosa do Piauí,PI,1246
2209401,Santo Antônio de Lisboa,PI,450
2209450,Santo Antônio dos Milagres,PI,108
2209500,Santo Inácio do Piauí,PI,420
2209559,São Braz do Piauí,PI,1342
2209609,São Félix do Piauí,PI,310
2209658,São Francisco de Assis do Piauí,PI,817
2209708,São Francisco do Piauí,PI,683
2209757,São Gonçalo do Gurguéia,PI,321
2209807,São Gonçalo do Piauí,PI,459
2209856,São João da Canabrava,PI,1850
2209872,São João da Fronteira,PI,385
2209906,São João da Serra,PI,382
2209955,São João da Varjota,PI,570
2209971,São João do Arraial,PI,238
2210003,São João do Piauí,PI,840
2210052,São José do Divino,PI,400
2210102,São José do Peixe,PI,810
2210201,São José do Piauí,PI,2500
2210300,São Julião,PI,450
2210359,São Lourenço do Piauí,PI,350
2210375,São Luis do Piauí,PI,1300
2210383,São Miguel da Baixa Grande,PI,850
2210391,São Miguel do Fidalgo,PI,890
2210409,São Miguel do Tapuio,PI,1579
2210508,São Pedro do Piauí,PI,1315
2210607,São Raimundo Nonato,PI,1012
2210623,Sebastião Barros,PI,688
2210631,Sebastião Leal,PI,10850
2210656,Sigefredo Pacheco,PI,1500
2210706,Simões,PI,3000
2210805,Simplício Mendes,PI,1320
2210904,Socorro do Piauí,PI,1397
2210938,Sussuapara,PI,300
2210953,Tamboril do Piauí,PI,1000
2210979,Tanque do Piauí,PI,365
2211001,Teresina,PI,1300
2211100,União,PI,2190
2211209,Uruçuí,PI,76405
2211308,Valença do Piauí,PI,1100
2211357,Várzea Branca,PI,994
2211407,Várzea Grande,PI,350
2211506,Vera Mendes,PI,980
2211605,Vila Nova do Piauí,PI,1555
2211704,Wall Ferraz,PI,600
2300101,Abaiara,CE,1700
2300150,Acarape,CE,414
2300200,Acaraú,CE,3000
2300309,Acopiara,CE,10700
2300408,Aiuaba,CE,5000
2300507,Alcântaras,CE,825
2300606,Altaneira,CE,1000
2300705,Alto Santo,CE,340
2300754,Amontada,CE,4350
2300804,Antonina do Norte,CE,900
2300903,Apuiarés,CE,2580
2301000,Aquiraz,CE,240
2301109,Aracati,CE,920
2301208,Aracoiaba,CE,3551
2301257,Ararendá,CE,1900
2301307,Araripe,CE,3600
2301406,Aratuba,CE,1220
2301505,Arneiroz,CE,1950
2301604,Assaré,CE,6000
2301703,Aurora,CE,1818
2301802,Baixio,CE,641
2301851,Banabuiú,CE,1350
2301901,Barbalha,CE,524
2301950,Barreira,CE,760
2302008,Barro,CE,3000
2302057,Barroquinha,CE,503
2302107,Baturité,CE,3908
2302206,Beberibe,CE,940
2302305,Bela Cruz,CE,2700
2302404,Boa Viagem,CE,15000
2302503,Brejo Santo,CE,4000
2302602,Camocim,CE,3570
2302701,Campos Sales,CE,4000
2302800,Canindé,CE,10120
2302909,Capistrano,CE,3200
2303006,Caridade,CE,8500
2303105,Cariré,CE,3800
2303204,Caririaçu,CE,1500
2303303,Cariús,CE,1270
2303402,Carnaubal,CE,800
2303501,Cascavel,CE,620
2303600,Catarina,CE,2300
2303659,Catunda,CE,6000
2303709,Caucaia,CE,2290
2303808,Cedro,CE,1939
2303907,Chaval,CE,240
2303931,Choró,CE,2200
2303956,Chorozinho,CE,1000
2304004,Coreaú,CE,1564
2304103,Crateús,CE,17900
2304202,Crato,CE,1615
2304236,Croatá,CE,2085
2304251,Cruz,CE,1650
2304269,Deputado Irapuan Pinheiro,CE,4350
2304277,Ereré,CE,1200
2304285,Eusébio,CE,12
2304301,Farias Brito,CE,2100
2304350,Forquilha,CE,2800
2304459,Fortim,CE,320
2304509,Frecheirinha,CE,1010
2304608,General Sampaio,CE,1210
2304657,Graça,CE,1800
2304707,Granja,CE,4055
2304806,Granjeiro,CE,700
2304905,Groaíras,CE,1010
2304954,Guaiúba,CE,225
2305001,Guaraciaba do Norte,CE,2740
2305100,Guaramiranga,CE,100
2305209,Hidrolândia,CE,3810
2305233,Horizonte,CE,120
2305266,Ibaretama,CE,2000
2305308,Ibiapina,CE,1200
2305332,Ibicuitinga,CE,2300
2305357,Icapuí,CE,260
2305407,Icó,CE,6610
2305506,Iguatu,CE,8402
2305605,Independência,CE,10200
2305654,Ipaporanga,CE,4250
2305704,Ipaumirim,CE,1212
2305803,Ipu,CE,8900
2305902,Ipueiras,CE,3100
2306009,Iracema,CE,700
2306108,Irauçuba,CE,2450
2306207,Itaiçaba,CE,228
2306256,Itaitinga,CE,250
2306306,Itapajé,CE,1752
2306405,Itapipoca,CE,5550
2306504,Itapiúna,CE,3010
2306553,Itarema,CE,2600
2306603,Itatira,CE,5310
2306702,Jaguaretama,CE,950
2306801,Jaguaribara,CE,350
2306900,Jaguaribe,CE,1400
2307007,Jaguaruana,CE,1682
2307106,Jardim,CE,2813
2307205,Jati,CE,1400
2307254,Jijoca de Jericoacoara,CE,800
2307304,Juazeiro do Norte,CE,675
2307403,Jucás,CE,3617
2307502,Lavras da Mangabeira,CE,2315
2307601,Limoeiro do Norte,CE,2500
2307635,Madalena,CE,4830
2307650,Maracanaú,CE,89
2307700,Maranguape,CE,688
2307809,Marco,CE,1122
2307908,Martinópole,CE,1276
2308005,Massapê,CE,1352
2308104,Mauriti,CE,12000
2308203,Meruoca,CE,252
2308302,Milagres,CE,2266
2308351,Milhã,CE,3700
2308377,Miraíma,CE,1000
2308401,Missão Velha,CE,2930
2308500,Mombaça,CE,15300
2308609,Monsenhor Tabosa,CE,3950
2308708,Morada Nova,CE,6500
2308807,Moraújo,CE,650
2308906,Morrinhos,CE,1287
2309003,Mucambo,CE,1730
2309102,Mulungu,CE,950
2309201,Nova Olinda,CE,1750
2309300,Nova Russas,CE,1150
2309409,Novo Oriente,CE,12190
2309458,Ocara,CE,4500
2309508,Orós,CE,2600
2309607,Pacajus,CE,600
2309706,Pacatuba,CE,65
2309805,Pacoti,CE,402
2309904,Pacujá,CE,461
2310001,Palhano,CE,1540
2310100,Palmácia,CE,520
2310209,Paracuru,CE,550
2310258,Paraipaba,CE,2500
2310308,Parambu,CE,11300
2310407,Paramoti,CE,9000
2310506,Pedra Branca,CE,8000
2310605,Penaforte,CE,950
2310704,Pentecoste,CE,2730
2310803,Pereiro,CE,3300
2310852,Pindoretama,CE,80
2310902,Piquet Carneiro,CE,2800
2310951,Pires Ferreira,CE,2360
2311009,Poranga,CE,950
2311108,Porteiras,CE,1970
2311207,Potengi,CE,2000
2311231,Potiretama,CE,315
2311264,Quiterianópolis,CE,6500
2311306,Quixadá,CE,3900
2311355,Quixelô,CE,2800
2311405,Quixeramobim,CE,15000
2311504,Quixeré,CE,1500
2311603,Redenção,CE,1080
2311702,Reriutaba,CE,2210
2311801,Russas,CE,1526
2311900,Saboeiro,CE,3120
2311959,Salitre,CE,3750
2312007,Santana do Acaraú,CE,3949
2312106,Santana do Cariri,CE,1580
2312205,Santa Quitéria,CE,22074
2312304,São Benedito,CE,2425
2312403,São Gonçalo do Amarante,CE,1300
2312502,São João do Jaguaribe,CE,371
2312601,São Luís do Curu,CE,600
2312700,Senador Pompeu,CE,5000
2312809,Senador Sá,CE,600
2312908,Sobral,CE,4200
2313005,Solonópole,CE,5000
2313104,Tabuleiro do Norte,CE,1730
2313203,Tamboril,CE,11700
2313252,Tarrafas,CE,1100
2313302,Tauá,CE,14000
2313351,Tejuçuoca,CE,2000
2313401,Tianguá,CE,2230
2313500,Trairi,CE,2200
2313559,Tururu,CE,3300
2313609,Ubajara,CE,1220
2313708,Umari,CE,1240
2313757,Umirim,CE,1700
2313807,Uruburetama,CE,1000
2313906,Uruoca,CE,2130
2313955,Varjota,CE,1670
2314003,Várzea Alegre,CE,2700
2314102,Viçosa do Ceará,CE,3080
2400109,Acari,RN,80
2400208,Açu,RN,600
2400307,Afonso Bezerra,RN,240
2400406,Água Nova,RN,190
2400505,Alexandria,RN,250
2400604,Almino Afonso,RN,180
2400703,Alto do Rodrigues,RN,145
2400802,Angicos,RN,150
2400901,Antônio Martins,RN,530
2401008,Apodi,RN,350
2401107,Areia Branca,RN,90
2401305,Campo Grande,RN,260
2401404,Baía Formosa,RN,35
2401453,Baraúna,RN,4000
2401503,Barcelona,RN,80
2401602,Bento Fernandes,RN,15
2401651,Bodó,RN,900
2401701,Bom Jesus,RN,300
2401859,Caiçara do Norte,RN,66
2401909,Caiçara do Rio do Vento,RN,5
2402006,Caicó,RN,22
2402105,Campo Redondo,RN,720
2402204,Canguaretama,RN,30
2402303,Caraúbas,RN,700
2402402,Carnaúba dos Dantas,RN,40
2402501,Carnaubais,RN,200
2402600,Ceará-Mirim,RN,600
2402709,Cerro Corá,RN,1250
2402808,Coronel Ezequiel,RN,330
2402907,Coronel João Pessoa,RN,500
2403004,Cruzeta,RN,30
2403103,Currais Novos,RN,100
2403202,Doutor Severiano,RN,480
2403301,Encanto,RN,120
2403400,Equador,RN,100
2403509,Espírito Santo,RN,10
2403608,Extremoz,RN,80
2403707,Felipe Guerra,RN,80
2403756,Fernando Pedroza,RN,60
2403806,Florânia,RN,315
2403905,Francisco Dantas,RN,240
2404002,Frutuoso Gomes,RN,270
2404101,Galinhos,RN,20
2404200,Goianinha,RN,45
2404309,Governador Dix-Sept Rosado,RN,2200
2404408,Grossos,RN,300
2404507,Guamaré,RN,1000
2404606,Ielmo Marinho,RN,200
2404705,Ipanguaçu,RN,180
2404804,Ipueira,RN,10
2404853,Itajá,RN,120
2404903,Itaú,RN,300
2405009,Jaçanã,RN,250
2405108,Jandaíra,RN,300
2405207,Janduís,RN,190
2405306,Januário Cicco,RN,200
2405405,Japi,RN,330
2405504,Jardim de Angicos,RN,130
2405603,Jardim de Piranhas,RN,35
2405702,Jardim do Seridó,RN,120
2405801,João Câmara,RN,300
2405900,João Dias,RN,400
2406007,José da Penha,RN,463
2406106,Jucurutu,RN,45
2406155,Jundiá,RN,40
2406205,Lagoa d'Anta,RN,100
2406304,Lagoa de Pedras,RN,100
2406403,Lagoa de Velhos,RN,35
2406502,Lagoa Nova,RN,800
2406601,Lagoa Salgada,RN,70
2406700,Lajes,RN,650
2406809,Lajes Pintadas,RN,60
2406908,Lucrécia,RN,350
2407005,Luís Gomes,RN,200
2407104,Macaíba,RN,25
2407203,Macau,RN,106
2407252,Major Sales,RN,300
2407302,Marcelino Vieira,RN,600
2407401,Martins,RN,230
2407500,Maxaranguape,RN,50
2407609,Messias Targino,RN,160
2407708,Montanhas,RN,60
2407807,Monte Alegre,RN,35
2407906,Monte das Gameleiras,RN,150
2408003,Mossoró,RN,2000
2408201,Nísia Floresta,RN,25
2408300,Nova Cruz,RN,40
2408409,Olho d'Água do Borges,RN,480
2408607,Paraná,RN,350
2408706,Paraú,RN,100
2408805,Parazinho,RN,205
2408904,Parelhas,RN,200
2408953,Rio do Fogo,RN,60
2409100,Passa e Fica,RN,150
2409209,Passagem,RN,100
2409308,Patu,RN,350
2409332,Santa Maria,RN,50
2409407,Pau dos Ferros,RN,617
2409506,Pedra Grande,RN,50
2409605,Pedra Preta,RN,40
2409704,Pedro Avelino,RN,104
2409803,Pedro Velho,RN,50
2409902,Pendências,RN,300
2410009,Pilões,RN,200
2410108,Poço Branco,RN,200
2410207,Portalegre,RN,360
2410256,Porto do Mangue,RN,30
2410306,Serra Caiada,RN,100
2410405,Pureza,RN,100
2410504,Rafael Fernandes,RN,262
2410603,Rafael Godeiro,RN,250
2410702,Riacho da Cruz,RN,150
2410801,Riacho de Santana,RN,473
2410900,Riachuelo,RN,500
2411007,Rodolfo Fernandes,RN,180
2411056,Tibau,RN,160
2411106,Ruy Barbosa,RN,40
2411205,Santa Cruz,RN,60
2411403,Santana do Matos,RN,700
2411429,Santana do Seridó,RN,25
2411502,Santo Antônio,RN,50
2411601,São Bento do Norte,RN,295
2411700,São Bento do Trairí,RN,35
2411809,São Fernando,RN,80
2411908,São Francisco do Oeste,RN,270
2412104,São João do Sabugi,RN,80
2412203,São José de Mipibu,RN,50
2412302,São José do Campestre,RN,1000
2412401,São José do Seridó,RN,150
2412500,São Miguel,RN,1820
2412559,São Miguel do Gostoso,RN,300
2412609,São Paulo do Potengi,RN,200
2412708,São Pedro,RN,80
2412807,São Rafael,RN,30
2412906,São Tomé,RN,90
2413003,São Vicente,RN,140
2413102,Senador Elói de Souza,RN,150
2413201,Senador Georgino Avelino,RN,40
2413300,Serra de São Bento,RN,150
2413359,Serra do Mel,RN,500
2413409,Serra Negra do Norte,RN,30
2413508,Serrinha,RN,50
2413557,Serrinha dos Pintos,RN,200
2413607,Severiano Melo,RN,150
2413706,Sítio Novo,RN,250
2413805,Taboleiro Grande,RN,120
2413904,Taipu,RN,250
2414001,Tangará,RN,200
2414100,Tenente Ananias,RN,150
2414159,Tenente Laurentino Cruz,RN,750
2414209,Tibau do Sul,RN,30
2414308,Timbaúba dos Batistas,RN,60
2414407,Touros,RN,350
2414456,Triunfo Potiguar,RN,40
2414506,Umarizal,RN,350
2414605,Upanema,RN,1120
2414704,Várzea,RN,50
2414753,Venha-Ver,RN,500
2414803,Vera Cruz,RN,100
2414902,Viçosa,RN,110
2415008,Vila Flor,RN,20
2500106,Água Branca,PB,900
2500205,Aguiar,PB,150
2500304,Alagoa Grande,PB,1400
2500403,Alagoa Nova,PB,140
2500502,Alagoinha,PB,150
2500536,Alcantil,PB,300
2500577,Algodão de Jandaíra,PB,50
2500700,São João do Rio do Peixe,PB,1300
2500734,Amparo,PB,400
2500775,Aparecida,PB,200
2500809,Araçagi,PB,580
2500908,Arara,PB,700
2501005,Araruna,PB,600
2501104,Areia,PB,410
2501153,Areia de Baraúnas,PB,200
2501203,Areial,PB,400
2501302,Aroeiras,PB,500
2501351,Assunção,PB,250
2501401,Baía da Traição,PB,3
2501500,Bananeiras,PB,320
2501534,Baraúna,PB,300
2501575,Barra de Santana,PB,200
2501609,Barra de Santa Rosa,PB,420
2501708,Barra de São Miguel,PB,150
2501906,Belém,PB,350
2502003,Belém do Brejo do Cruz,PB,120
2502052,Bernardino Batista,PB,280
2502102,Boa Ventura,PB,900
2502151,Boa Vista,PB,500
2502201,Bom Jesus,PB,132
2502300,Bom Sucesso,PB,578
2502409,Bonito de Santa Fé,PB,680
2502508,Boqueirão,PB,300
2502607,Igaracy,PB,240
2502706,Borborema,PB,70
2502805,Brejo do Cruz,PB,150
2502904,Brejo dos Santos,PB,60
2503100,Cabaceiras,PB,85
2503308,Cachoeira dos Índios,PB,310
2503407,Cacimba de Areia,PB,400
2503506,Cacimba de Dentro,PB,1400
2503555,Cacimbas,PB,800
2503605,Caiçara,PB,120
2503704,Cajazeiras,PB,240
2503753,Cajazeirinhas,PB,108
2503803,Caldas Brandão,PB,95
2503902,Camalaú,PB,250
2504009,Campina Grande,PB,1950
2504033,Capim,PB,10
2504074,Caraúbas,PB,200
2504108,Carrapateira,PB,120
2504157,Casserengue,PB,500
2504207,Catingueira,PB,590
2504306,Catolé do Rocha,PB,300
2504355,Caturité,PB,300
2504405,Conceição,PB,900
2504504,Condado,PB,175
2504702,Congo,PB,180
2504801,Coremas,PB,600
2504850,Coxixola,PB,250
2504900,Cruz do Espírito Santo,PB,7
2505006,Cubati,PB,850
2505105,Cuité,PB,800
2505204,Cuitegi,PB,80
2505238,Cuité de Mamanguape,PB,80
2505279,Curral de Cima,PB,6
2505303,Curral Velho,PB,120
2505352,Damião,PB,100
2505402,Desterro,PB,720
2505501,Vista Serrana,PB,80
2505600,Diamante,PB,150
2505709,Dona Inês,PB,1000
2505808,Duas Estradas,PB,100
2505907,Emas,PB,360
2506004,Esperança,PB,900
2506103,Fagundes,PB,700
2506202,Frei Martinho,PB,200
2506251,Gado Bravo,PB,98
2506301,Guarabira,PB,140
2506400,Gurinhém,PB,500
2506509,Gurjão,PB,100
2506608,Ibiara,PB,600
2506707,Imaculada,PB,1100
2506806,Ingá,PB,1000
2506905,Itabaiana,PB,800
2507002,Itaporanga,PB,550
2507101,Itapororoca,PB,90
2507200,Itatuba,PB,1000
2507309,Jacaraú,PB,70
2507408,Jericó,PB,215
2507606,Juarez Távora,PB,550
2507705,Juazeirinho,PB,700
2507804,Junco do Seridó,PB,550
2507903,Juripiranga,PB,50
2508000,Juru,PB,1000
2508109,Lagoa,PB,100
2508208,Lagoa de Dentro,PB,60
2508307,Lagoa Seca,PB,200
2508406,Lastro,PB,200
2508505,Livramento,PB,750
2508554,Logradouro,PB,130
2508703,Mãe d'Água,PB,250
2508802,Malta,PB,115
2508901,Mamanguape,PB,8
2509008,Manaíra,PB,1300
2509057,Marcação,PB,6
2509107,Mari,PB,35
2509156,Marizópolis,PB,165
2509206,Massaranduba,PB,800
2509305,Mataraca,PB,3
2509339,Matinhas,PB,300
2509370,Mato Grosso,PB,110
2509396,Maturéia,PB,900
2509404,Mogeiro,PB,1000
2509503,Montadas,PB,300
2509602,Monte Horebe,PB,295
2509701,Monteiro,PB,2500
2509800,Mulungu,PB,900
2509909,Natuba,PB,175
2510006,Nazarezinho,PB,250
2510105,Nova Floresta,PB,150
2510204,Nova Olinda,PB,150
2510303,Nova Palmeira,PB,410
2510402,Olho d'Água,PB,340
2510501,Olivedos,PB,500
2510600,Ouro Velho,PB,300
2510659,Parari,PB,150
2510709,Passagem,PB,80
2510808,Patos,PB,200
2510907,Paulista,PB,150
2511004,Pedra Branca,PB,130
2511103,Pedra Lavrada,PB,500
2511202,Pedras de Fogo,PB,320
2511301,Piancó,PB,460
2511400,Picuí,PB,1300
2511509,Pilar,PB,200
2511608,Pilões,PB,400
2511707,Pilõezinhos,PB,140
2511806,Pirpirituba,PB,100
2511905,Pitimbu,PB,5
2512002,Pocinhos,PB,250
2512036,Poço Dantas,PB,440
2512077,Poço de José de Moura,PB,800
2512101,Pombal,PB,90
2512200,Prata,PB,200
2512309,Princesa Isabel,PB,2650
2512408,Puxinanã,PB,400
2512507,Queimadas,PB,900
2512606,Quixaba,PB,100
2512705,Remígio,PB,400
2512721,Pedro Régis,PB,5
2512747,Riachão,PB,300
2512754,Riachão do Bacamarte,PB,180
2512762,Riachão do Poço,PB,30
2512788,Riacho de Santo Antônio,PB,25
2512804,Riacho dos Cavalos,PB,600
2513000,Salgadinho,PB,285
2513109,Salgado de São Félix,PB,150
2513158,Santa Cecília,PB,400
2513208,Santa Cruz,PB,180
2513307,Santa Helena,PB,557
2513356,Santa Inês,PB,160
2513406,Santa Luzia,PB,200
2513505,Santana de Mangueira,PB,800
2513604,Santana dos Garrotes,PB,230
2513653,Joca Claudino,PB,200
2513802,Santa Teresinha,PB,450
2513851,Santo André,PB,300
2513901,São Bento,PB,220
2513927,São Bentinho,PB,130
2513943,São Domingos do Cariri,PB,20
2513968,São Domingos,PB,100
2513984,São Francisco,PB,150
2514008,São João do Cariri,PB,78
2514107,São João do Tigre,PB,411
2514206,São José da Lagoa Tapada,PB,350
2514305,São José de Caiana,PB,180
2514404,São José de Espinharas,PB,800
2514453,São José dos Ramos,PB,500
2514503,São José de Piranhas,PB,790
2514552,São José de Princesa,PB,1300
2514602,São José do Bonfim,PB,189
2514651,São José do Brejo do Cruz,PB,60
2514701,São José do Sabugi,PB,250
2514800,São José dos Cordeiros,PB,550
2514909,São Mamede,PB,300
2515005,São Miguel de Taipu,PB,200
2515104,São Sebastião de Lagoa de Roça,PB,50
2515203,São Sebastião do Umbuzeiro,PB,200
2515302,Sapé,PB,10
2515401,São Vicente do Seridó,PB,250
2515500,Serra Branca,PB,1000
2515609,Serra da Raiz,PB,40
2515708,Serra Grande,PB,100
2515807,Serra Redonda,PB,180
2515906,Serraria,PB,150
2515930,Sertãozinho,PB,60
2515971,Sobrado,PB,10
2516003,Solânea,PB,530
2516102,Soledade,PB,60
2516151,Sossêgo,PB,10
2516201,Sousa,PB,1030
2516300,Sumé,PB,645
2516508,Taperoá,PB,900
2516607,Tavares,PB,2500
2516706,Teixeira,PB,800
2516755,Tenório,PB,280
2516805,Triunfo,PB,450
2516904,Uiraúna,PB,740
2517001,Umbuzeiro,PB,250
2517100,Várzea,PB,150
2517209,Vieirópolis,PB,280
2517407,Zabelê,PB,170
2600104,Afogados da Ingazeira,PE,1900
2600203,Afrânio,PE,4500
2600302,Agrestina,PE,500
2600500,Águas Belas,PE,50
2600609,Alagoinha,PE,120
2600708,Aliança,PE,10
2600807,Altinho,PE,550
2600906,Amaraji,PE,20
2601003,Angelim,PE,150
2601102,Araripina,PE,14000
2601201,Arcoverde,PE,190
2601607,Belém do São Francisco,PE,350
2601706,Belo Jardim,PE,160
2601805,Betânia,PE,2500
2601904,Bezerros,PE,1000
2602001,Bodocó,PE,5500
2602100,Bom Conselho,PE,1200
2602209,Bom Jardim,PE,800
2602407,Brejão,PE,70
2602506,Brejinho,PE,1100
2602605,Brejo da Madre de Deus,PE,200
2602803,Buíque,PE,300
2603009,Cabrobó,PE,1240
2603108,Cachoeirinha,PE,750
2603207,Caetés,PE,70
2603306,Calçado,PE,150
2603405,Calumbi,PE,400
2603702,Canhotinho,PE,100
2603801,Capoeiras,PE,70
2603900,Carnaíba,PE,4800
2603926,Carnaubeira da Penha,PE,1800
2604106,Caruaru,PE,800
2604155,Casinhas,PE,1100
2604304,Cedro,PE,1900
2604502,Chã Grande,PE,65
2604700,Correntes,PE,40
2604908,Cumaru,PE,1500
2605004,Cupira,PE,150
2605103,Custódia,PE,8000
2605152,Dormentes,PE,4500
2605301,Exu,PE,8000
2605400,Feira Nova,PE,20
2605608,Flores,PE,10000
2605707,Floresta,PE,700
2605806,Frei Miguelinho,PE,650
2606002,Garanhuns,PE,500
2606309,Granito,PE,850
2606507,Iati,PE,150
2606606,Ibimirim,PE,400
2606705,Ibirajuba,PE,110
2606903,Iguaracy,PE,3000
2607109,Ingazeira,PE,650
2607307,Ipubi,PE,6500
2607406,Itacuruba,PE,100
2607505,Itaíba,PE,2000
2607653,Itambé,PE,30
2607703,Itapetim,PE,1800
2608008,Jataúba,PE,200
2608057,Jatobá,PE,60
2608107,João Alfredo,PE,800
2608255,Jucati,PE,100
2608305,Jupi,PE,400
2608404,Jurema,PE,150
2608602,Lagoa do Ouro,PE,100
2608701,Lagoa dos Gatos,PE,450
2608750,Lagoa Grande,PE,900
2608800,Lajedo,PE,300
2608909,Limoeiro,PE,900
2609105,Machados,PE,150
2609154,Manari,PE,1500
2609303,Mirandiba,PE,1100
2609709,Orobó,PE,800
2609808,Orocó,PE,250
2609907,Ouricuri,PE,9000
2610103,Palmeirina,PE,30
2610202,Panelas,PE,1000
2610301,Paranatama,PE,170
2610400,Parnamirim,PE,2500
2610509,Passira,PE,1100
2610806,Pedra,PE,2100
2610905,Pesqueira,PE,250
2611002,Petrolândia,PE,300
2611101,Petrolina,PE,3300
2611200,Poção,PE,200
2611533,Quixaba,PE,2200
2611705,Riacho das Almas,PE,1800
2612109,Salgadinho,PE,700
2612208,Salgueiro,PE,350
2612307,Saloá,PE,650
2612406,Sanharó,PE,200
2612455,Santa Cruz,PE,5000
2612471,Santa Cruz da Baixa Verde,PE,1100
2612505,Santa Cruz do Capibaribe,PE,200
2612554,Santa Filomena,PE,5000
2612604,Santa Maria da Boa Vista,PE,1400
2612703,Santa Maria do Cambucá,PE,1100
2612802,Santa Terezinha,PE,1800
2613008,São Bento do Una,PE,1200
2613107,São Caitano,PE,400
2613206,São João,PE,1200
2613503,São José do Belmonte,PE,2180
2613602,São José do Egito,PE,5500
2613909,Serra Talhada,PE,2300
2614006,Serrita,PE,1500
2614105,Sertânia,PE,1800
2614303,Moreilândia,PE,1200
2614402,Solidão,PE,1500
2614501,Surubim,PE,2100
2614600,Tabira,PE,3600
2614709,Tacaimbó,PE,150
2614808,Tacaratu,PE,2300
2615003,Taquaritinga do Norte,PE,1000
2615102,Terezinha,PE,60
2615201,Terra Nova,PE,230
2615607,Trindade,PE,2500
2615706,Triunfo,PE,500
2615805,Tupanatinga,PE,900
2615904,Tuparetama,PE,1200
2616001,Venturosa,PE,60
2616100,Verdejante,PE,350
2616183,Vertente do Lério,PE,500
2616209,Vertentes,PE,900
2616407,Vitória de Santo Antão,PE,50
2700102,Água Branca,AL,500
2700201,Anadia,AL,2200
2700300,Arapiraca,AL,285
2700409,Atalaia,AL,100
2700706,Batalha,AL,1050
2700805,Belém,AL,120
2700904,Belo Monte,AL,100
2701001,Boca da Mata,AL,105
2701100,Branquinha,AL,350
2701209,Cacimbinhas,AL,1000
2701308,Cajueiro,AL,140
2701407,Campo Alegre,AL,350
2701506,Campo Grande,AL,50
2701605,Canapi,AL,800
2701704,Capela,AL,100
2701803,Carneiros,AL,1350
2701902,Chã Preta,AL,130
2702009,Coité do Nóia,AL,500
2702108,Colônia Leopoldina,AL,120
2702306,Coruripe,AL,2415
2702355,Craíbas,AL,3300
2702405,Delmiro Gouveia,AL,1100
2702504,Dois Riachos,AL,600
2702553,Estrela de Alagoas,AL,150
2702603,Feira Grande,AL,50
2702702,Feliz Deserto,AL,20
2702801,Flexeiras,AL,100
2702900,Girau do Ponciano,AL,2980
2703007,Ibateguara,AL,30
2703106,Igaci,AL,2000
2703205,Igreja Nova,AL,117
2703304,Inhapi,AL,1600
2703403,Jacaré dos Homens,AL,330
2703700,Jaramataia,AL,800
2703759,Jequiá da Praia,AL,50
2703809,Joaquim Gomes,AL,150
2704005,Junqueiro,AL,250
2704104,Lagoa da Canoa,AL,900
2704203,Limoeiro de Anadia,AL,2250
2704401,Major Isidoro,AL,830
2704609,Maravilha,AL,800
2704807,Maribondo,AL,5
2704906,Mar Vermelho,AL,8
2705002,Mata Grande,AL,1450
2705309,Minador do Negrão,AL,270
2705408,Monteirópolis,AL,240
2705507,Murici,AL,310
2705606,Novo Lino,AL,230
2705705,Olho d'Água das Flores,AL,155
2705804,Olho d'Água do Casado,AL,1100
2705903,Olho d'Água Grande,AL,400
2706000,Olivença,AL,500
2706109,Ouro Branco,AL,250
2706208,Palestina,AL,19
2706307,Palmeira dos Índios,AL,900
2706406,Pão de Açúcar,AL,1600
2706422,Pariconha,AL,800
2706604,Paulo Jacinto,AL,250
2706703,Penedo,AL,100
2706802,Piaçabuçu,AL,5
2707008,Pindoba,AL,1
2707107,Piranhas,AL,1000
2707206,Poço das Trincheiras,AL,2250
2707503,Porto Real do Colégio,AL,80
2707602,Quebrangulo,AL,1360
2707800,Roteiro,AL,8
2708006,Santana do Ipanema,AL,2800
2708105,Santana do Mundaú,AL,80
2708204,São Brás,AL,280
2708303,São José da Laje,AL,20
2708402,São José da Tapera,AL,2000
2708600,São Miguel dos Campos,AL,70
2708808,São Sebastião,AL,400
2708956,Senador Rui Palmeira,AL,1100
2709004,Tanque d'Arca,AL,25
2709103,Taquarana,AL,1100
2709152,Teotônio Vilela,AL,300
2709202,Traipu,AL,2600
2709301,União dos Palmares,AL,40
2709400,Viçosa,AL,30
2800100,Amparo do São Francisco,SE,132
2800209,Aquidabã,SE,910
2800407,Arauá,SE,200
2800506,Areia Branca,SE,10
2800670,Boquim,SE,250
2801009,Campo do Brito,SE,350
2801108,Canhoba,SE,2182
2801207,Canindé de São Francisco,SE,500
2801306,Capela,SE,850
2801405,Carira,SE,27000
2801504,Carmópolis,SE,20
2801603,Cedro de São João,SE,70
2801702,Cristinápolis,SE,600
2801900,Cumbe,SE,3250
2802007,Divina Pastora,SE,45
2802106,Estância,SE,170
2802205,Feira Nova,SE,6000
2802304,Frei Paulo,SE,16500
2802403,Gararu,SE,5760
2802502,General Maynard,SE,7
2802601,Gracho Cardoso,SE,4000
2802700,Ilha das Flores,SE,1
2802809,Indiaroba,SE,40
2802908,Itabaiana,SE,600
2803005,Itabaianinha,SE,2800
2803104,Itabi,SE,1470
2803203,Itaporanga d'Ajuda,SE,254
2803302,Japaratuba,SE,120
2803401,Japoatã,SE,1555
2803500,Lagarto,SE,4200
2803609,Laranjeiras,SE,35
2803708,Macambira,SE,3000
2803807,Malhada dos Bois,SE,55
2803906,Malhador,SE,100
2804102,Moita Bonita,SE,40
2804201,Monte Alegre de Sergipe,SE,3700
2804300,Muribeca,SE,125
2804409,Neópolis,SE,167
2804458,Nossa Senhora Aparecida,SE,4200
2804508,Nossa Senhora da Glória,SE,10500
2804607,Nossa Senhora das Dores,SE,4800
2804706,Nossa Senhora de Lourdes,SE,1050
2804805,Nossa Senhora do Socorro,SE,18
2804904,Pacatuba,SE,197
2805000,Pedra Mole,SE,2852
2805109,Pedrinhas,SE,50
2805208,Pinhão,SE,6000
2805406,Poço Redondo,SE,2500
2805505,Poço Verde,SE,15000
2805604,Porto da Folha,SE,3200
2805703,Propriá,SE,90
2805802,Riachão do Dantas,SE,3400
2805901,Riachuelo,SE,60
2806008,Ribeirópolis,SE,3300
2806107,Rosário do Catete,SE,2
2806206,Salgado,SE,250
2806305,Santa Luzia do Itanhy,SE,80
2806404,Santana do São Francisco,SE,62
2806503,Santa Rosa de Lima,SE,70
2806602,Santo Amaro das Brotas,SE,20
2806701,São Cristóvão,SE,90
2806800,São Domingos,SE,100
2806909,São Francisco,SE,888
2807006,São Miguel do Aleixo,SE,700
2807105,Simão Dias,SE,26000
2807204,Siriri,SE,100
2807303,Telha,SE,130
2807402,Tobias Barreto,SE,1500
2807501,Tomar do Geru,SE,400
2807600,Umbaúba,SE,560
2900108,Abaíra,BA,120
2900207,Abaré,BA,800
2900306,Acajutiba,BA,215
2900355,Adustina,BA,29000
2900405,Água Fria,BA,1500
2900504,Érico Cardoso,BA,300
2900603,Aiquara,BA,12
2900702,Alagoinhas,BA,86
2900801,Alcobaça,BA,41
2900900,Almadina,BA,20
2901007,Amargosa,BA,8
2901106,Amélia Rodrigues,BA,15
2901155,América Dourada,BA,2000
2901205,Anagé,BA,500
2901304,Andaraí,BA,260
2901353,Andorinha,BA,1650
2901403,Angical,BA,2500
2901502,Anguera,BA,600
2901601,Antas,BA,3300
2901700,Antônio Cardoso,BA,1100
2901809,Antônio Gonçalves,BA,463
2901908,Aporá,BA,1600
2902005,Aracatu,BA,300
2902054,Araçás,BA,25
2902104,Araci,BA,2000
2902203,Aramari,BA,150
2902302,Aratuípe,BA,2
2902401,Aurelino Leal,BA,10
2902500,Baianópolis,BA,1214
2902609,Baixa Grande,BA,1759
2902658,Banzaê,BA,1400
2902708,Barra,BA,150
2902807,Barra da Estiva,BA,200
2902906,Barra do Choça,BA,556
2903003,Barra do Mendes,BA,200
2903201,Barreiras,BA,18723
2903235,Barro Alto,BA,800
2903276,Barrocas,BA,1000
2903409,Belmonte,BA,25
2903508,Belo Campo,BA,340
2903607,Biritinga,BA,800
2903706,Boa Nova,BA,120
2903805,Boa Vista do Tupim,BA,300
2903904,Bom Jesus da Lapa,BA,1200
2903953,Bom Jesus da Serra,BA,198
2904001,Boninal,BA,500
2904050,Bonito,BA,52
2904100,Boquira,BA,800
2904209,Botuporã,BA,400
2904308,Brejões,BA,15
2904407,Brejolândia,BA,150
2904506,Brotas de Macaúbas,BA,500
2904605,Brumado,BA,200
2904753,Buritirama,BA,725
2904803,Caatiba,BA,5
2904852,Cabaceiras do Paraguaçu,BA,915
2904902,Cachoeira,BA,160
2905008,Caculé,BA,600
2905107,Caém,BA,100
2905156,Caetanos,BA,250
2905206,Caetité,BA,700
2905305,Cafarnaum,BA,2500
2905503,Caldeirão Grande,BA,306
2905701,Camaçari,BA,5
2905909,Campo Alegre de Lourdes,BA,1800
2906006,Campo Formoso,BA,2700
2906105,Canápolis,BA,300
2906204,Canarana,BA,1500
2906402,Candeal,BA,843
2906501,Candeias,BA,6
2906600,Candiba,BA,300
2906709,Cândido Sales,BA,400
2906808,Cansanção,BA,8000
2906824,Canudos,BA,1500
2906857,Capela do Alto Alegre,BA,472
2906873,Capim Grosso,BA,130
2906899,Caraíbas,BA,300
2906907,Caravelas,BA,15
2907004,Cardeal da Silva,BA,400
2907103,Carinhanha,BA,900
2907202,Casa Nova,BA,1100
2907301,Castro Alves,BA,150
2907400,Catolândia,BA,200
2907509,Catu,BA,86
2907558,Caturama,BA,450
2907608,Central,BA,1000
2907707,Chorrochó,BA,130
2907806,Cícero Dantas,BA,6300
2907905,Cipó,BA,135
2908101,Cocos,BA,13850
2908200,Conceição da Feira,BA,45
2908309,Conceição do Almeida,BA,15
2908408,Conceição do Coité,BA,2690
2908507,Conceição do Jacuípe,BA,180
2908606,Conde,BA,75
2908705,Condeúba,BA,500
2908804,Contendas do Sincorá,BA,65
2908903,Coração de Maria,BA,800
2909000,Cordeiros,BA,200
2909109,Coribe,BA,990
2909208,Coronel João Sá,BA,5000
2909307,Correntina,BA,39500
2909406,Cotegipe,BA,2080
2909604,Crisópolis,BA,2000
2909703,Cristópolis,BA,2000
2909802,Cruz das Almas,BA,175
2909901,Curaçá,BA,550
2910057,Dias d'Ávila,BA,2
2910107,Dom Basílio,BA,100
2910206,Dom Macedo Costa,BA,35
2910305,Elísio Medrado,BA,30
2910404,Encruzilhada,BA,1200
2910503,Entre Rios,BA,1500
2910602,Esplanada,BA,800
2910701,Euclides da Cunha,BA,13000
2910727,Eunápolis,BA,60
2910750,Fátima,BA,11000
2910776,Feira da Mata,BA,200
2910800,Feira de Santana,BA,5200
2910859,Filadélfia,BA,1600
2911105,Formosa do Rio Preto,BA,31000
2911253,Gavião,BA,257
2911303,Gentio do Ouro,BA,210
2911402,Glória,BA,1906
2911600,Governador Mangabeira,BA,270
2911659,Guajeru,BA,350
2911709,Guanambi,BA,700
2911808,Guaratinga,BA,40
2911857,Heliópolis,BA,3500
2911907,Iaçu,BA,10
2912004,Ibiassucê,BA,650
2912202,Ibicoara,BA,500
2912301,Ibicuí,BA,100
2912400,Ibipeba,BA,1700
2912509,Ibipitanga,BA,200
2912608,Ibiquera,BA,200
2912806,Ibirapuã,BA,4
2913002,Ibitiara,BA,200
2913101,Ibititá,BA,1700
2913200,Ibotirama,BA,260
2913309,Ichu,BA,450
2913408,Igaporã,BA,400
2913457,Igrapiúna,BA,18
2913507,Iguaí,BA,200
2913606,Ilhéus,BA,10
2913705,Inhambupe,BA,8000
2913804,Ipecaetá,BA,2260
2913903,Ipiaú,BA,30
2914000,Ipirá,BA,1600
2914109,Ipupiara,BA,400
2914208,Irajuba,BA,30
2914307,Iramaia,BA,130
2914406,Iraquara,BA,620
2914505,Irará,BA,1720
2914604,Irecê,BA,690
2914653,Itabela,BA,50
2914703,Itaberaba,BA,300
2914802,Itabuna,BA,14
2914901,Itacaré,BA,10
2915007,Itaeté,BA,450
2915106,Itagi,BA,60
2915353,Itaguaçu da Bahia,BA,440
2915502,Itajuípe,BA,40
2915601,Itamaraju,BA,65
2915700,Itamari,BA,5
2915809,Itambé,BA,250
2915908,Itanagra,BA,9
2916005,Itanhém,BA,40
2916302,Itapebi,BA,14
2916500,Itapicuru,BA,18000
2916609,Itapitanga,BA,10
2916708,Itaquara,BA,30
2916807,Itarantim,BA,10
2916856,Itatim,BA,150
2916906,Itiruçu,BA,15
2917003,Itiúba,BA,3323
2917201,Ituaçu,BA,125
2917334,Iuiu,BA,600
2917359,Jaborandi,BA,22000
2917409,Jacaraci,BA,800
2917508,Jacobina,BA,1200
2917607,Jaguaquara,BA,28
2917706,Jaguarari,BA,2665
2917805,Jaguaripe,BA,15
2917904,Jandaíra,BA,120
2918001,Jequié,BA,120
2918100,Jeremoabo,BA,20000
2918209,Jiquiriçá,BA,11
2918308,Jitaúna,BA,6
2918357,João Dourado,BA,900
2918407,Juazeiro,BA,600
2918456,Jucuruçu,BA,75
2918506,Jussara,BA,900
2918605,Jussiape,BA,53
2918704,Lafaiete Coutinho,BA,16
2918753,Lagoa Real,BA,200
2918803,Laje,BA,40
2918902,Lajedão,BA,3
2919009,Lajedinho,BA,45
2919058,Lajedo do Tabocal,BA,10
2919108,Lamarão,BA,750
2919157,Lapão,BA,1200
2919306,Lençóis,BA,50
2919405,Licínio de Almeida,BA,550
2919504,Livramento de Nossa Senhora,BA,295
2919553,Luís Eduardo Magalhães,BA,14600
2919603,Macajuba,BA,250
2919702,Macarani,BA,10
2919801,Macaúbas,BA,1400
2919900,Macururé,BA,60
2919959,Maetinga,BA,160
2920007,Maiquinique,BA,15
2920106,Mairi,BA,1540
2920205,Malhada,BA,900
2920304,Malhada de Pedras,BA,400
2920403,Manoel Vitorino,BA,90
2920452,Mansidão,BA,700
2920502,Maracás,BA,102
2920601,Maragogipe,BA,10
2920809,Marcionílio Souza,BA,25
2921005,Mata de São João,BA,25
2921054,Matina,BA,100
2921104,Medeiros Neto,BA,5
2921203,Miguel Calmon,BA,800
2921302,Milagres,BA,3
2921401,Mirangaba,BA,630
2921450,Mirante,BA,55
2921500,Monte Santo,BA,9000
2921609,Morpará,BA,400
2921708,Morro do Chapéu,BA,250
2921807,Mortugaba,BA,750
2921906,Mucugê,BA,1140
2922003,Mucuri,BA,40
2922052,Mulungu do Morro,BA,3000
2922102,Mundo Novo,BA,500
2922250,Muquém do São Francisco,BA,10000
2922300,Muritiba,BA,60
2922409,Mutuípe,BA,40
2922607,Nilo Peçanha,BA,9
2922656,Nordestina,BA,2000
2922706,Nova Canaã,BA,300
2922730,Nova Fátima,BA,321
2922805,Nova Itarana,BA,3
2922854,Nova Redenção,BA,800
2922904,Nova Soure,BA,900
2923001,Nova Viçosa,BA,20
2923035,Novo Horizonte,BA,66
2923050,Novo Triunfo,BA,4000
2923100,Olindina,BA,941
2923209,Oliveira dos Brejinhos,BA,900
2923308,Ouriçangas,BA,220
2923357,Ourolândia,BA,1140
2923407,Palmas de Monte Alto,BA,250
2923506,Palmeiras,BA,180
2923605,Paramirim,BA,600
2923704,Paratinga,BA,400
2923803,Paripiranga,BA,28000
2924009,Paulo Afonso,BA,3500
2924058,Pé de Serra,BA,482
2924108,Pedrão,BA,156
2924207,Pedro Alexandre,BA,7500
2924306,Piatã,BA,206
2924405,Pilão Arcado,BA,800
2924504,Pindaí,BA,600
2924603,Pindobaçu,BA,770
2924652,Pintadas,BA,350
2924702,Piripá,BA,300
2924801,Piritiba,BA,120
2924900,Planaltino,BA,150
2925006,Planalto,BA,680
2925105,Poções,BA,557
2925253,Ponto Novo,BA,440
2925402,Potiraguá,BA,10
2925501,Prado,BA,115
2925600,Presidente Dutra,BA,690
2925709,Presidente Jânio Quadros,BA,500
2925758,Presidente Tancredo Neves,BA,28
2925808,Queimadas,BA,800
2925907,Quijingue,BA,21500
2925956,Rafael Jambeiro,BA,1600
2926004,Remanso,BA,220
2926103,Retirolândia,BA,500
2926202,Riachão das Neves,BA,12200
2926301,Riachão do Jacuípe,BA,276
2926400,Riacho de Santana,BA,1300
2926509,Ribeira do Amparo,BA,4100
2926608,Ribeira do Pombal,BA,3700
2926657,Ribeirão do Largo,BA,400
2926707,Rio de Contas,BA,300
2926806,Rio do Antônio,BA,400
2926905,Rio do Pires,BA,600
2927002,Rio Real,BA,3100
2927200,Ruy Barbosa,BA,200
2927507,Santa Bárbara,BA,500
2927606,Santa Brígida,BA,3040
2927804,Santa Cruz da Vitória,BA,5
2927903,Santa Inês,BA,33
2928000,Santaluz,BA,2000
2928109,Santa Maria da Vitória,BA,1980
2928208,Santana,BA,910
2928307,Santanópolis,BA,700
2928406,Santa Rita de Cássia,BA,1500
2928505,Santa Terezinha,BA,90
2928604,Santo Amaro,BA,70
2928703,Santo Antônio de Jesus,BA,12
2928802,Santo Estêvão,BA,3200
2928901,São Desidério,BA,43485
2928950,São Domingos,BA,300
2929008,São Félix,BA,8
2929057,São Félix do Coribe,BA,530
2929107,São Felipe,BA,30
2929206,São Francisco do Conde,BA,3
2929255,São Gabriel,BA,1000
2929305,São Gonçalo dos Campos,BA,500
2929370,São José do Jacuípe,BA,60
2929404,São Miguel das Matas,BA,30
2929602,Sapeaçu,BA,35
2929701,Sátiro Dias,BA,900
2929750,Saubara,BA,33
2929800,Saúde,BA,380
2929909,Seabra,BA,600
2930006,Sebastião Laranjeiras,BA,360
2930105,Senhor do Bonfim,BA,1660
2930154,Serra do Ramalho,BA,2700
2930204,Sento Sé,BA,115
2930303,Serra Dourada,BA,320
2930402,Serra Preta,BA,776
2930501,Serrinha,BA,2300
2930600,Serrolândia,BA,400
2930758,Sítio do Mato,BA,1000
2930766,Sítio do Quinto,BA,10000
2930774,Sobradinho,BA,8
2930808,Souto Soares,BA,1860
2930907,Tabocas do Brejo Velho,BA,460
2931004,Tanhaçu,BA,80
2931053,Tanque Novo,BA,500
2931103,Tanquinho,BA,280
2931202,Taperoá,BA,20
2931301,Tapiramutá,BA,20
2931350,Teixeira de Freitas,BA,70
2931509,Teofilândia,BA,800
2931707,Terra Nova,BA,35
2931806,Tremedal,BA,850
2931905,Tucano,BA,5000
2932002,Uauá,BA,3770
2932101,Ubaíra,BA,30
2932408,Uibaí,BA,1000
2932457,Umburanas,BA,900
2932606,Urandi,BA,450
2932705,Uruçuca,BA,15
2932903,Valença,BA,40
2933000,Valente,BA,200
2933059,Várzea da Roça,BA,880
2933109,Várzea do Poço,BA,780
2933158,Várzea Nova,BA,400
2933174,Varzedo,BA,10
2933307,Vitória da Conquista,BA,1000
2933406,Wagner,BA,202
2933455,Wanderley,BA,540
2933604,Xique-Xique,BA,720
3100104,Abadia dos Dourados,MG,1900
3100203,Abaeté,MG,820
3100302,Abre Campo,MG,400
3100401,Acaiaca,MG,92
3100500,Açucena,MG,250
3100609,Água Boa,MG,1000
3100708,Água Comprida,MG,5400
3100807,Aguanil,MG,1000
3100906,Águas Formosas,MG,40
3101003,Águas Vermelhas,MG,350
3101102,Aimorés,MG,500
3101201,Aiuruoca,MG,700
3101300,Alagoa,MG,20
3101409,Albertina,MG,30
3101508,Além Paraíba,MG,20
3101607,Alfenas,MG,11500
3101631,Alfredo Vasconcelos,MG,150
3101706,Almenara,MG,200
3101805,Alpercata,MG,250
3101904,Alpinópolis,MG,2500
3102001,Alterosa,MG,2400
3102050,Alto Caparaó,MG,90
3102100,Alto Rio Doce,MG,950
3102209,Alvarenga,MG,40
3102308,Alvinópolis,MG,400
3102407,Alvorada de Minas,MG,180
3102506,Amparo do Serra,MG,350
3102605,Andradas,MG,1000
3102704,Cachoeira de Pajeú,MG,250
3102803,Andrelândia,MG,1500
3102852,Angelândia,MG,500
3102902,Antônio Carlos,MG,280
3103009,Antônio Dias,MG,35
3103108,Antônio Prado de Minas,MG,8
3103207,Araçaí,MG,40
3103306,Aracitaba,MG,60
3103405,Araçuaí,MG,1000
3103504,Araguari,MG,23000
3103603,Arantina,MG,25
3103702,Araponga,MG,700
3103751,Araporã,MG,708
3103801,Arapuá,MG,150
3103900,Araújos,MG,50
3104007,Araxá,MG,5500
3104106,Arceburgo,MG,570
3104205,Arcos,MG,4090
3104304,Areado,MG,1500
3104403,Argirita,MG,12
3104452,Aricanduva,MG,550
3104502,Arinos,MG,3200
3104601,Astolfo Dutra,MG,35
3104700,Ataléia,MG,100
3104809,Augusto de Lima,MG,300
3104908,Baependi,MG,1500
3105004,Baldim,MG,500
3105103,Bambuí,MG,7600
3105202,Bandeira,MG,30
3105301,Bandeira do Sul,MG,60
3105400,Barão de Cocais,MG,20
3105509,Barão de Monte Alto,MG,50
3105608,Barbacena,MG,1350
3105707,Barra Longa,MG,100
3105905,Barroso,MG,50
3106002,Bela Vista de Minas,MG,4
3106101,Belmiro Braga,MG,50
3106309,Belo Oriente,MG,150
3106408,Belo Vale,MG,55
3106507,Berilo,MG,500
3106606,Bertópolis,MG,30
3106655,Berizal,MG,100
3106705,Betim,MG,50
3106804,Bias Fortes,MG,70
3106903,Bicas,MG,15
3107000,Biquinhas,MG,200
3107109,Boa Esperança,MG,6000
3107208,Bocaina de Minas,MG,70
3107307,Bocaiúva,MG,1750
3107406,Bom Despacho,MG,1150
3107505,Bom Jardim de Minas,MG,20
3107604,Bom Jesus da Penha,MG,2500
3107703,Bom Jesus do Amparo,MG,20
3107802,Bom Jesus do Galho,MG,650
3107901,Bom Repouso,MG,330
3108008,Bom Sucesso,MG,420
3108107,Bonfim,MG,65
3108206,Bonfinópolis de Minas,MG,9000
3108255,Bonito de Minas,MG,400
3108305,Borda da Mata,MG,500
3108404,Botelhos,MG,750
3108503,Botumirim,MG,550
3108552,Brasilândia de Minas,MG,5500
3108602,Brasília de Minas,MG,1000
3108701,Brás Pires,MG,310
3108800,Braúnas,MG,200
3108909,Brazópolis,MG,90
3109006,Brumadinho,MG,120
3109105,Bueno Brandão,MG,650
3109204,Buenópolis,MG,400
3109253,Bugre,MG,12
3109303,Buritis,MG,30500
3109402,Buritizeiro,MG,5820
3109451,Cabeceira Grande,MG,10000
3109501,Cabo Verde,MG,1200
3109600,Cachoeira da Prata,MG,6
3109709,Cachoeira de Minas,MG,850
3109808,Cachoeira Dourada,MG,4300
3109907,Caetanópolis,MG,40
3110004,Caeté,MG,50
3110103,Caiana,MG,120
3110202,Cajuri,MG,500
3110301,Caldas,MG,1900
3110400,Camacho,MG,400
3110509,Camanducaia,MG,200
3110608,Cambuí,MG,400
3110707,Cambuquira,MG,2000
3110806,Campanário,MG,40
3110905,Campanha,MG,1500
3111002,Campestre,MG,2000
3111101,Campina Verde,MG,740
3111150,Campo Azul,MG,200
3111200,Campo Belo,MG,3000
3111309,Campo do Meio,MG,1700
3111408,Campo Florido,MG,12750
3111507,Campos Altos,MG,3500
3111606,Campos Gerais,MG,4700
3111705,Canaã,MG,400
3111804,Canápolis,MG,8950
3111903,Cana Verde,MG,400
3112000,Candeias,MG,5000
3112059,Cantagalo,MG,100
3112109,Caparaó,MG,150
3112208,Capela Nova,MG,350
3112307,Capelinha,MG,1785
3112406,Capetinga,MG,1350
3112505,Capim Branco,MG,40
3112604,Capinópolis,MG,16427
3112653,Capitão Andrade,MG,30
3112703,Capitão Enéas,MG,360
3112802,Capitólio,MG,700
3112901,Caputira,MG,200
3113008,Caraí,MG,110
3113107,Caranaíba,MG,120
3113206,Carandaí,MG,4150
3113305,Carangola,MG,220
3113404,Caratinga,MG,700
3113503,Carbonita,MG,300
3113602,Careaçu,MG,500
3113701,Carlos Chagas,MG,10
3113800,Carmésia,MG,70
3113909,Carmo da Cachoeira,MG,1900
3114006,Carmo da Mata,MG,520
3114105,Carmo de Minas,MG,1500
3114204,Carmo do Cajuru,MG,180
3114303,Carmo do Paranaíba,MG,1550
3114402,Carmo do Rio Claro,MG,3000
3114501,Carmópolis de Minas,MG,550
3114550,Carneirinho,MG,220
3114600,Carrancas,MG,5000
3114709,Carvalhópolis,MG,200
3114808,Carvalhos,MG,300
3114907,Casa Grande,MG,1600
3115003,Cascalho Rico,MG,1050
3115102,Cássia,MG,1800
3115201,Conceição da Barra de Minas,MG,750
3115300,Cataguases,MG,40
3115359,Catas Altas,MG,60
3115409,Catas Altas da Noruega,MG,180
3115458,Catuji,MG,30
3115474,Catuti,MG,200
3115508,Caxambu,MG,20
3115607,Cedro do Abaeté,MG,125
3115706,Central de Minas,MG,72
3115805,Centralina,MG,6480
3115904,Chácara,MG,5
3116001,Chalé,MG,230
3116100,Chapada do Norte,MG,300
3116159,Chapada Gaúcha,MG,1250
3116209,Chiador,MG,5
3116308,Cipotânea,MG,700
3116407,Claraval,MG,400
3116506,Claro dos Poções,MG,700
3116605,Cláudio,MG,870
3116704,Coimbra,MG,600
3116803,Coluna,MG,500
3116902,Comendador Gomes,MG,650
3117009,Comercinho,MG,470
3117108,Conceição da Aparecida,MG,1200
3117207,Conceição das Pedras,MG,125
3117306,Conceição das Alagoas,MG,16000
3117405,Conceição de Ipanema,MG,200
3117504,Conceição do Mato Dentro,MG,640
3117603,Conceição do Pará,MG,150
3117702,Conceição do Rio Verde,MG,8835
3117801,Conceição dos Ouros,MG,300
3117836,Cônego Marinho,MG,300
3117876,Confins,MG,10
3117900,Congonhal,MG,250
3118007,Congonhas,MG,100
3118106,Congonhas do Norte,MG,180
3118205,Conquista,MG,1900
3118304,Conselheiro Lafaiete,MG,670
3118403,Conselheiro Pena,MG,600
3118502,Consolação,MG,60
3118601,Contagem,MG,2
3118700,Coqueiral,MG,1750
3118809,Coração de Jesus,MG,6200
3118908,Cordisburgo,MG,80
3119005,Cordislândia,MG,2250
3119104,Corinto,MG,300
3119203,Coroaci,MG,50
3119302,Coromandel,MG,27000
3119401,Coronel Fabriciano,MG,7
3119500,Coronel Murta,MG,200
3119609,Coronel Pacheco,MG,8
3119708,Coronel Xavier Chaves,MG,100
3119807,Córrego Danta,MG,260
3119906,Córrego do Bom Jesus,MG,120
3119955,Córrego Fundo,MG,670
3120003,Córrego Novo,MG,150
3120102,Couto de Magalhães de Minas,MG,62
3120151,Crisólita,MG,100
3120201,Cristais,MG,2700
3120300,Cristália,MG,400
3120409,Cristiano Otoni,MG,330
3120508,Cristina,MG,110
3120607,Crucilândia,MG,180
3120706,Cruzeiro da Fortaleza,MG,850
3120805,Cruzília,MG,4120
3120839,Cuparaque,MG,25
3120870,Curral de Dentro,MG,200
3120904,Curvelo,MG,1500
3121001,Datas,MG,770
3121100,Delfim Moreira,MG,120
3121209,Delfinópolis,MG,3000
3121258,Delta,MG,25
3121308,Descoberto,MG,30
3121407,Desterro de Entre Rios,MG,1100
3121506,Desterro do Melo,MG,400
3121605,Diamantina,MG,600
3121704,Diogo de Vasconcelos,MG,200
3121803,Dionísio,MG,300
3121902,Divinésia,MG,60
3122009,Divino,MG,500
3122108,Divino das Laranjeiras,MG,60
3122207,Divinolândia de Minas,MG,130
3122306,Divinópolis,MG,250
3122355,Divisa Alegre,MG,100
3122405,Divisa Nova,MG,1400
3122454,Divisópolis,MG,200
3122470,Dom Bosco,MG,800
3122504,Dom Cavati,MG,62
3122603,Dom Joaquim,MG,200
3122702,Dom Silvério,MG,40
3122801,Dom Viçoso,MG,21
3122900,Dona Euzébia,MG,5
3123007,Dores de Campos,MG,230
3123106,Dores de Guanhães,MG,100
3123205,Dores do Indaiá,MG,100
3123304,Dores do Turvo,MG,150
3123403,Doresópolis,MG,250
3123502,Douradoquara,MG,320
3123528,Durandé,MG,150
3123601,Elói Mendes,MG,1800
3123700,Engenheiro Caldas,MG,20
3123809,Engenheiro Navarro,MG,800
3123858,Entre Folhas,MG,50
3123908,Entre Rios de Minas,MG,1100
3124005,Ervália,MG,1690
3124104,Esmeraldas,MG,80
3124203,Espera Feliz,MG,650
3124302,Espinosa,MG,900
3124401,Espírito Santo do Dourado,MG,980
3124500,Estiva,MG,220
3124609,Estrela Dalva,MG,40
3124708,Estrela do Indaiá,MG,480
3124807,Estrela do Sul,MG,3650
3124906,Eugenópolis,MG,70
3125002,Ewbank da Câmara,MG,5
3125101,Extrema,MG,100
3125200,Fama,MG,400
3125309,Faria Lemos,MG,15
3125408,Felício dos Santos,MG,500
3125507,São Gonçalo do Rio Preto,MG,80
3125606,Felisburgo,MG,160
3125705,Felixlândia,MG,500
3125804,Fernandes Tourinho,MG,10
3125903,Ferros,MG,300
3125952,Fervedouro,MG,350
3126000,Florestal,MG,10
3126109,Formiga,MG,13000
3126208,Formoso,MG,12500
3126307,Fortaleza de Minas,MG,650
3126406,Fortuna de Minas,MG,130
3126505,Francisco Badaró,MG,200
3126604,Francisco Dumont,MG,200
3126703,Francisco Sá,MG,1500
3126752,Franciscópolis,MG,350
3126802,Frei Gaspar,MG,50
3126901,Frei Inocêncio,MG,100
3126950,Frei Lagonegro,MG,180
3127008,Fronteira,MG,250
3127057,Fronteira dos Vales,MG,10
3127073,Fruta de Leite,MG,500
3127107,Frutal,MG,4500
3127206,Funilândia,MG,25
3127305,Galiléia,MG,200
3127339,Gameleiras,MG,250
3127354,Glaucilândia,MG,450
3127370,Goiabeira,MG,20
3127388,Goianá,MG,10
3127404,Gonçalves,MG,80
3127503,Gonzaga,MG,100
3127602,Gouveia,MG,250
3127701,Governador Valadares,MG,242
3127800,Grão Mogol,MG,1500
3127909,Grupiara,MG,570
3128006,Guanhães,MG,220
3128105,Guapé,MG,2800
3128204,Guaraciaba,MG,940
3128253,Guaraciama,MG,400
3128303,Guaranésia,MG,260
3128402,Guarani,MG,50
3128501,Guarará,MG,15
3128600,Guarda-Mor,MG,13000
3128709,Guaxupé,MG,650
3128808,Guidoval,MG,180
3128907,Guimarânia,MG,3000
3129004,Guiricema,MG,170
3129103,Gurinhatã,MG,300
3129202,Heliodora,MG,400
3129301,Iapu,MG,80
3129400,Ibertioga,MG,1050
3129509,Ibiá,MG,26000
3129608,Ibiaí,MG,1600
3129657,Ibiracatu,MG,550
3129707,Ibiraci,MG,200
3129806,Ibirité,MG,5
3129905,Ibitiúra de Minas,MG,40
3130002,Ibituruna,MG,400
3130051,Icaraí de Minas,MG,1500
3130101,Igarapé,MG,40
3130200,Igaratinga,MG,50
3130309,Iguatama,MG,4140
3130408,Ijaci,MG,400
3130507,Ilicínea,MG,1050
3130556,Imbé de Minas,MG,300
3130606,Inconfidentes,MG,230
3130655,Indaiabira,MG,1000
3130705,Indianópolis,MG,11000
3130804,Ingaí,MG,2400
3130903,Inhapim,MG,500
3131000,Inhaúma,MG,25
3131109,Inimutaba,MG,10
3131158,Ipaba,MG,25
3131208,Ipanema,MG,220
3131307,Ipatinga,MG,2
3131406,Ipiaçu,MG,4498
3131505,Ipuiúna,MG,1000
3131604,Iraí de Minas,MG,3500
3131703,Itabira,MG,40
3131802,Itabirinha,MG,30
3131901,Itabirito,MG,220
3132008,Itacambira,MG,360
3132107,Itacarambi,MG,1500
3132206,Itaguara,MG,200
3132305,Itaipé,MG,180
3132404,Itajubá,MG,60
3132503,Itamarandiba,MG,770
3132602,Itamarati de Minas,MG,15
3132701,Itambacuri,MG,100
3132800,Itambé do Mato Dentro,MG,30
3132909,Itamogi,MG,500
3133006,Itamonte,MG,45
3133105,Itanhandu,MG,84
3133204,Itanhomi,MG,120
3133303,Itaobim,MG,150
3133402,Itapagipe,MG,350
3133501,Itapecerica,MG,500
3133600,Itapeva,MG,120
3133709,Itatiaiuçu,MG,120
3133758,Itaú de Minas,MG,1250
3133808,Itaúna,MG,250
3133907,Itaverava,MG,500
3134004,Itinga,MG,250
3134103,Itueta,MG,200
3134202,Ituiutaba,MG,7800
3134301,Itumirim,MG,800
3134400,Iturama,MG,250
3134509,Itutinga,MG,2400
3134608,Jaboticatubas,MG,250
3134707,Jacinto,MG,50
3134806,Jacuí,MG,650
3134905,Jacutinga,MG,425
3135001,Jaguaraçu,MG,12
3135050,Jaíba,MG,1340
3135076,Jampruca,MG,90
3135100,Janaúba,MG,600
3135209,Januária,MG,900
3135308,Japaraíba,MG,400
3135357,Japonvar,MG,340
3135407,Jeceaba,MG,150
3135456,Jenipapo de Minas,MG,200
3135506,Jequeri,MG,700
3135605,Jequitaí,MG,300
3135704,Jequitibá,MG,200
3135803,Jequitinhonha,MG,200
3135902,Jesuânia,MG,300
3136009,Joaíma,MG,150
3136108,Joanésia,MG,100
3136207,João Monlevade,MG,3
3136306,João Pinheiro,MG,5500
3136405,Joaquim Felício,MG,250
3136504,Jordânia,MG,120
3136520,José Gonçalves de Minas,MG,150
3136553,José Raydan,MG,120
3136579,Josenópolis,MG,150
3136603,Nova União,MG,25
3136652,Juatuba,MG,3
3136702,Juiz de Fora,MG,120
3136801,Juramento,MG,1100
3136900,Juruaia,MG,800
3136959,Juvenília,MG,590
3137007,Ladainha,MG,700
3137106,Lagamar,MG,4000
3137205,Lagoa da Prata,MG,60
3137304,Lagoa dos Patos,MG,450
3137403,Lagoa Dourada,MG,6600
3137502,Lagoa Formosa,MG,7500
3137536,Lagoa Grande,MG,4000
3137601,Lagoa Santa,MG,10
3137700,Lajinha,MG,450
3137809,Lambari,MG,300
3137908,Lamim,MG,280
3138005,Laranjal,MG,40
3138104,Lassance,MG,650
3138203,Lavras,MG,3200
3138302,Leandro Ferreira,MG,100
3138351,Leme do Prado,MG,80
3138401,Leopoldina,MG,90
3138500,Liberdade,MG,150
3138609,Lima Duarte,MG,180
3138625,Limeira do Oeste,MG,650
3138658,Lontra,MG,150
3138674,Luisburgo,MG,650
3138682,Luislândia,MG,350
3138708,Luminárias,MG,2300
3138807,Luz,MG,2500
3138906,Machacalis,MG,10
3139003,Machado,MG,6000
3139102,Madre de Deus de Minas,MG,10000
3139201,Malacacheta,MG,150
3139250,Mamonas,MG,300
3139300,Manga,MG,470
3139409,Manhuaçu,MG,700
3139508,Manhumirim,MG,150
3139607,Mantena,MG,150
3139706,Maravilhas,MG,100
3139805,Mar de Espanha,MG,70
3139904,Maria da Fé,MG,120
3140001,Mariana,MG,100
3140100,Marilac,MG,250
3140159,Mário Campos,MG,4
3140209,Maripá de Minas,MG,12
3140308,Marliéria,MG,40
3140407,Marmelópolis,MG,25
3140506,Martinho Campos,MG,680
3140530,Martins Soares,MG,50
3140555,Mata Verde,MG,30
3140605,Materlândia,MG,275
3140704,Mateus Leme,MG,240
3140803,Matias Barbosa,MG,5
3140852,Matias Cardoso,MG,800
3140902,Matipó,MG,700
3141009,Mato Verde,MG,325
3141108,Matozinhos,MG,120
3141207,Matutina,MG,30
3141306,Medeiros,MG,3515
3141405,Medina,MG,400
3141504,Mendes Pimentel,MG,30
3141603,Mercês,MG,120
3141702,Mesquita,MG,120
3141801,Minas Novas,MG,1200
3141900,Minduri,MG,4500
3142007,Mirabela,MG,200
3142106,Miradouro,MG,150
3142205,Miraí,MG,70
3142254,Miravânia,MG,200
3142304,Moeda,MG,15
3142403,Moema,MG,60
3142502,Monjolos,MG,80
3142601,Monsenhor Paulo,MG,200
3142700,Montalvânia,MG,1000
3142809,Monte Alegre de Minas,MG,5500
3142908,Monte Azul,MG,650
3143005,Monte Belo,MG,1500
3143104,Monte Carmelo,MG,15000
3143153,Monte Formoso,MG,100
3143203,Monte Santo de Minas,MG,670
3143302,Montes Claros,MG,890
3143401,Monte Sião,MG,230
3143450,Montezuma,MG,300
3143500,Morada Nova de Minas,MG,6000
3143609,Morro da Garça,MG,100
3143708,Morro do Pilar,MG,60
3143807,Munhoz,MG,900
3143906,Muriaé,MG,400
3144003,Mutum,MG,750
3144102,Muzambinho,MG,850
3144201,Nacip Raydan,MG,60
3144300,Nanuque,MG,20
3144359,Naque,MG,50
3144375,Natalândia,MG,650
3144409,Natércia,MG,50
3144508,Nazareno,MG,1450
3144607,Nepomuceno,MG,2200
3144656,Ninheira,MG,300
3144672,Nova Belém,MG,40
3144706,Nova Era,MG,50
3144805,Nova Lima,MG,4
3144904,Nova Módica,MG,25
3145000,Nova Ponte,MG,16000
3145059,Nova Porteirinha,MG,60
3145109,Nova Resende,MG,1400
3145208,Nova Serrana,MG,30
3145307,Novo Cruzeiro,MG,1900
3145356,Novo Oriente de Minas,MG,70
3145372,Novorizonte,MG,200
3145406,Olaria,MG,20
3145455,Olhos-d'Água,MG,400
3145505,Olímpio Noronha,MG,70
3145604,Oliveira,MG,1200
3145703,Oliveira Fortes,MG,30
3145802,Onça de Pitangui,MG,120
3145851,Oratórios,MG,150
3145877,Orizânia,MG,400
3145901,Ouro Branco,MG,270
3146008,Ouro Fino,MG,600
3146107,Ouro Preto,MG,150
3146206,Ouro Verde de Minas,MG,40
3146255,Padre Carvalho,MG,200
3146305,Padre Paraíso,MG,70
3146404,Paineiras,MG,250
3146503,Pains,MG,1500
3146552,Pai Pedro,MG,200
3146602,Paiva,MG,22
3146701,Palma,MG,30
3146750,Palmópolis,MG,20
3146909,Papagaios,MG,500
3147006,Paracatu,MG,25800
3147105,Pará de Minas,MG,150
3147204,Paraguaçu,MG,5300
3147303,Paraisópolis,MG,100
3147402,Paraopeba,MG,160
3147501,Passabém,MG,50
3147600,Passa Quatro,MG,25
3147709,Passa Tempo,MG,120
3147808,Passa Vinte,MG,2
3147907,Passos,MG,9000
3147956,Patis,MG,180
3148004,Patos de Minas,MG,14000
3148103,Patrocínio,MG,18000
3148202,Patrocínio do Muriaé,MG,30
3148301,Paula Cândido,MG,500
3148400,Paulistas,MG,150
3148509,Pavão,MG,15
3148608,Peçanha,MG,550
3148707,Pedra Azul,MG,300
3148756,Pedra Bonita,MG,200
3148806,Pedra do Anta,MG,380
3148905,Pedra do Indaiá,MG,210
3149002,Pedra Dourada,MG,30
3149101,Pedralva,MG,200
3149150,Pedras de Maria da Cruz,MG,200
3149200,Pedrinópolis,MG,4700
3149309,Pedro Leopoldo,MG,25
3149408,Pedro Teixeira,MG,25
3149507,Pequeri,MG,10
3149606,Pequi,MG,40
3149705,Perdigão,MG,50
3149804,Perdizes,MG,39300
3149903,Perdões,MG,1000
3149952,Periquito,MG,70
3150000,Pescador,MG,15
3150109,Piau,MG,10
3150158,Piedade de Caratinga,MG,120
3150208,Piedade de Ponte Nova,MG,30
3150307,Piedade do Rio Grande,MG,2500
3150406,Piedade dos Gerais,MG,70
3150505,Pimenta,MG,6000
3150539,Pingo-d'Água,MG,140
3150570,Pintópolis,MG,400
3150604,Piracema,MG,130
3150703,Pirajuba,MG,1940
3150802,Piranga,MG,1200
3150901,Piranguçu,MG,200
3151008,Piranguinho,MG,48
3151107,Pirapetinga,MG,60
3151206,Pirapora,MG,600
3151305,Piraúba,MG,100
3151404,Pitangui,MG,1350
3151503,Piumhi,MG,12100
3151602,Planura,MG,7800
3151701,Poço Fundo,MG,1110
3151800,Poços de Caldas,MG,1000
3151909,Pocrane,MG,250
3152006,Pompéu,MG,2000
3152105,Ponte Nova,MG,150
3152131,Ponto Chique,MG,120
3152170,Ponto dos Volantes,MG,250
3152204,Porteirinha,MG,800
3152303,Porto Firme,MG,1000
3152402,Poté,MG,550
3152501,Pouso Alegre,MG,2100
3152600,Pouso Alto,MG,120
3152709,Prados,MG,2150
3152808,Prata,MG,2720
3152907,Pratápolis,MG,3500
3153004,Pratinha,MG,2450
3153103,Presidente Bernardes,MG,980
3153202,Presidente Juscelino,MG,200
3153301,Presidente Kubitschek,MG,50
3153400,Presidente Olegário,MG,15000
3153509,Alto Jequitibá,MG,200
3153608,Prudente de Morais,MG,10
3153707,Quartel Geral,MG,50
3153806,Queluzito,MG,100
3154002,Raul Soares,MG,900
3154101,Recreio,MG,10
3154150,Reduto,MG,10
3154200,Resende Costa,MG,480
3154309,Resplendor,MG,165
3154408,Ressaquinha,MG,450
3154457,Riachinho,MG,4200
3154507,Riacho dos Machados,MG,600
3154606,Ribeirão das Neves,MG,4
3154804,Rio Acima,MG,2
3154903,Rio Casca,MG,1300
3155009,Rio Doce,MG,50
3155108,Rio do Prado,MG,80
3155207,Rio Espera,MG,700
3155306,Rio Manso,MG,60
3155405,Rio Novo,MG,10
3155504,Rio Paranaíba,MG,10850
3155603,Rio Pardo de Minas,MG,1200
3155702,Rio Piracicaba,MG,90
3155801,Rio Pomba,MG,90
3155900,Rio Preto,MG,12
3156007,Rio Vermelho,MG,780
3156106,Ritápolis,MG,280
3156205,Rochedo de Minas,MG,2
3156304,Rodeiro,MG,30
3156403,Romaria,MG,6500
3156452,Rosário da Limeira,MG,60
3156502,Rubelita,MG,300
3156601,Rubim,MG,90
3156700,Sabará,MG,12
3156809,Sabinópolis,MG,500
3156908,Sacramento,MG,22800
3157005,Salinas,MG,1665
3157104,Salto da Divisa,MG,50
3157203,Santa Bárbara,MG,50
3157252,Santa Bárbara do Leste,MG,150
3157278,Santa Bárbara do Monte Verde,MG,40
3157302,Santa Bárbara do Tugúrio,MG,120
3157377,Santa Cruz de Salinas,MG,350
3157401,Santa Cruz do Escalvado,MG,150
3157500,Santa Efigênia de Minas,MG,60
3157609,Santa Fé de Minas,MG,230
3157658,Santa Helena de Minas,MG,80
3157708,Santa Juliana,MG,7000
3157807,Santa Luzia,MG,5
3157906,Santa Margarida,MG,650
3158003,Santa Maria de Itabira,MG,75
3158102,Santa Maria do Salto,MG,60
3158201,Santa Maria do Suaçuí,MG,600
3158300,Santana da Vargem,MG,700
3158409,Santana de Cataguases,MG,20
3158508,Santana de Pirapama,MG,220
3158607,Santana do Deserto,MG,12
3158706,Santana do Garambéu,MG,200
3158805,Santana do Jacaré,MG,70
3158904,Santana do Manhuaçu,MG,250
3158953,Santana do Paraíso,MG,15
3159001,Santana do Riacho,MG,25
3159100,Santana dos Montes,MG,250
3159209,Santa Rita de Caldas,MG,2050
3159308,Santa Rita de Jacutinga,MG,250
3159357,Santa Rita de Minas,MG,200
3159407,Santa Rita de Ibitipoca,MG,200
3159506,Santa Rita do Itueto,MG,50
3159605,Santa Rita do Sapucaí,MG,610
3159704,Santa Rosa da Serra,MG,450
3159803,Santa Vitória,MG,530
3159902,Santo Antônio do Amparo,MG,550
3160009,Santo Antônio do Aventureiro,MG,25
3160108,Santo Antônio do Grama,MG,50
3160207,Santo Antônio do Itambé,MG,150
3160306,Santo Antônio do Jacinto,MG,60
3160405,Santo Antônio do Monte,MG,450
3160454,Santo Antônio do Retiro,MG,220
3160504,Santo Antônio do Rio Abaixo,MG,20
3160603,Santo Hipólito,MG,250
3160702,Santos Dumont,MG,80
3160801,São Bento Abade,MG,900
3160900,São Brás do Suaçuí,MG,75
3160959,São Domingos das Dores,MG,70
3161007,São Domingos do Prata,MG,180
3161056,São Félix de Minas,MG,16
3161106,São Francisco,MG,2300
3161205,São Francisco de Paula,MG,1000
3161304,São Francisco de Sales,MG,1680
3161403,São Francisco do Glória,MG,30
3161502,São Geraldo,MG,150
3161601,São Geraldo da Piedade,MG,50
3161650,São Geraldo do Baixio,MG,130
3161700,São Gonçalo do Abaeté,MG,3040
3161809,São Gonçalo do Pará,MG,160
3161908,São Gonçalo do Rio Abaixo,MG,20
3162005,São Gonçalo do Sapucaí,MG,900
3162104,São Gotardo,MG,4500
3162203,São João Batista do Glória,MG,5200
3162252,São João da Lagoa,MG,1000
3162302,São João da Mata,MG,565
3162401,São João da Ponte,MG,1500
3162450,São João das Missões,MG,520
3162500,São João del Rei,MG,15500
3162559,São João do Manhuaçu,MG,380
3200706,Atílio Vivácqua,ES,3
3162575,São João do Manteninha,MG,35
3162609,São João do Oriente,MG,50
3162658,São João do Pacuí,MG,1500
3162708,São João do Paraíso,MG,1000
3162807,São João Evangelista,MG,120
3162906,São João Nepomuceno,MG,40
3162922,São Joaquim de Bicas,MG,5
3162948,São José da Barra,MG,2150
3162955,São José da Lapa,MG,15
3163003,São José da Safira,MG,45
3163102,São José da Varginha,MG,60
3163201,São José do Alegre,MG,120
3163300,São José do Divino,MG,35
3163409,São José do Goiabal,MG,175
3163508,São José do Jacuri,MG,240
3163607,São José do Mantimento,MG,70
3163706,São Lourenço,MG,8
3163805,São Miguel do Anta,MG,750
3163904,São Pedro da União,MG,1300
3164001,São Pedro dos Ferros,MG,70
3164100,São Pedro do Suaçuí,MG,330
3164209,São Romão,MG,3450
3164308,São Roque de Minas,MG,3200
3164407,São Sebastião da Bela Vista,MG,900
3164431,São Sebastião da Vargem Alegre,MG,50
3164472,São Sebastião do Anta,MG,200
3164506,São Sebastião do Maranhão,MG,500
3164605,São Sebastião do Oeste,MG,250
3164704,São Sebastião do Paraíso,MG,2200
3164803,São Sebastião do Rio Preto,MG,25
3164902,São Sebastião do Rio Verde,MG,200
3165107,São Tomás de Aquino,MG,180
3165206,São Tomé das Letras,MG,2000
3165305,São Vicente de Minas,MG,2000
3165404,Sapucaí-Mirim,MG,65
3165503,Sardoá,MG,150
3165537,Sarzedo,MG,32
3165552,Setubinha,MG,700
3165560,Sem-Peixe,MG,80
3165578,Senador Amaral,MG,300
3165701,Senador Firmino,MG,160
3165800,Senador José Bento,MG,210
3165909,Senador Modestino Gonçalves,MG,350
3166006,Senhora de Oliveira,MG,220
3166105,Senhora do Porto,MG,60
3166204,Senhora dos Remédios,MG,1000
3166303,Sericita,MG,300
3166402,Seritinga,MG,25
3166501,Serra Azul de Minas,MG,82
3166600,Serra da Saudade,MG,30
3166709,Serra dos Aimorés,MG,7
3166808,Serra do Salitre,MG,10300
3166907,Serrania,MG,900
3166956,Serranópolis de Minas,MG,200
3167004,Serranos,MG,250
3167103,Serro,MG,240
3167202,Sete Lagoas,MG,150
3167301,Silveirânia,MG,5
3167400,Silvianópolis,MG,1400
3167509,Simão Pereira,MG,10
3167608,Simonésia,MG,500
3167707,Sobrália,MG,55
3167806,Soledade de Minas,MG,180
3167905,Tabuleiro,MG,40
3168002,Taiobeiras,MG,500
3168051,Taparuba,MG,80
3168101,Tapira,MG,2000
3168200,Tapiraí,MG,150
3168309,Taquaraçu de Minas,MG,5
3168408,Tarumirim,MG,200
3168507,Teixeiras,MG,500
3168606,Teófilo Otoni,MG,200
3168804,Tiradentes,MG,600
3168903,Tiros,MG,2400
3169000,Tocantins,MG,150
3169059,Tocos do Moji,MG,180
3169109,Toledo,MG,450
3169208,Tombos,MG,120
3169307,Três Corações,MG,13000
3169356,Três Marias,MG,1320
3169406,Três Pontas,MG,2200
3169505,Tumiritinga,MG,200
3169604,Tupaciguara,MG,3400
3169703,Turmalina,MG,200
3169802,Turvolândia,MG,920
3169901,Ubá,MG,20
3170008,Ubaí,MG,700
3170057,Ubaporanga,MG,150
3170107,Uberaba,MG,50000
3170206,Uberlândia,MG,21660
3170305,Umburatiba,MG,5
3170404,Unaí,MG,35000
3170438,União de Minas,MG,800
3170479,Uruana de Minas,MG,1700
3170503,Urucânia,MG,80
3170529,Urucuia,MG,1750
3170578,Vargem Alegre,MG,60
3170602,Vargem Bonita,MG,650
3170651,Vargem Grande do Rio Pardo,MG,300
3170701,Varginha,MG,500
3170750,Varjão de Minas,MG,4350
3170800,Várzea da Palma,MG,3400
3170909,Varzelândia,MG,1000
3171006,Vazante,MG,5500
3171030,Verdelândia,MG,560
3171071,Veredinha,MG,250
3171105,Veríssimo,MG,900
3171154,Vermelho Novo,MG,300
3171204,Vespasiano,MG,5
3171303,Viçosa,MG,460
3171402,Vieiras,MG,80
3171501,Mathias Lobato,MG,25
3171600,Virgem da Lapa,MG,400
3171709,Virgínia,MG,355
3171808,Virginópolis,MG,230
3171907,Virgolândia,MG,100
3172004,Visconde do Rio Branco,MG,100
3172103,Volta Grande,MG,2
3172202,Wenceslau Braz,MG,10
3200102,Afonso Cláudio,ES,340
3200136,Águia Branca,ES,20
3200169,Água Doce do Norte,ES,10
3200201,Alegre,ES,300
3200300,Alfredo Chaves,ES,400
3200359,Alto Rio Novo,ES,2
3200508,Apiacá,ES,32
3200607,Aracruz,ES,112
3200805,Baixo Guandu,ES,40
3200904,Barra de São Francisco,ES,150
3201001,Boa Esperança,ES,5
3201159,Brejetuba,ES,300
3201209,Cachoeiro de Itapemirim,ES,60
3201308,Cariacica,ES,15
3201407,Castelo,ES,300
3201506,Colatina,ES,180
3201605,Conceição da Barra,ES,15
3201704,Conceição do Castelo,ES,55
3201803,Divino de São Lourenço,ES,200
3201902,Domingos Martins,ES,280
3202009,Dores do Rio Preto,ES,945
3202108,Ecoporanga,ES,10
3202256,Governador Lindenberg,ES,50
3202306,Guaçuí,ES,1450
3202405,Guarapari,ES,20
3202454,Ibatiba,ES,600
3202504,Ibiraçu,ES,25
3202553,Ibitirama,ES,600
3202603,Iconha,ES,15
3202652,Irupi,ES,600
3202702,Itaguaçu,ES,40
3202801,Itapemirim,ES,10
3202900,Itarana,ES,95
3203007,Iúna,ES,500
3203056,Jaguaré,ES,25
3203106,Jerônimo Monteiro,ES,25
3203130,João Neiva,ES,9
3203163,Laranja da Terra,ES,100
3203205,Linhares,ES,310
3203304,Mantenópolis,ES,60
3203346,Marechal Floriano,ES,80
3203353,Marilândia,ES,11
3203403,Mimoso do Sul,ES,60
3203502,Montanha,ES,20
3203601,Mucurici,ES,1100
3203700,Muniz Freire,ES,350
3203809,Muqui,ES,320
3203908,Nova Venécia,ES,55
3204005,Pancas,ES,30
3204054,Pedro Canário,ES,45
3204104,Pinheiros,ES,500
3204203,Piúma,ES,2
3204302,Presidente Kennedy,ES,40
3204351,Rio Bananal,ES,70
3204401,Rio Novo do Sul,ES,60
3204500,Santa Leopoldina,ES,85
3204559,Santa Maria de Jetibá,ES,1900
3204609,Santa Teresa,ES,42
3204708,São Gabriel da Palha,ES,40
3204807,São José do Calçado,ES,200
3204906,São Mateus,ES,100
3204955,São Roque do Canaã,ES,20
3205002,Serra,ES,30
3205010,Sooretama,ES,20
3205036,Vargem Alta,ES,120
3205069,Venda Nova do Imigrante,ES,80
3205101,Viana,ES,3
3205150,Vila Pavão,ES,5
3205176,Vila Valério,ES,80
3205200,Vila Velha,ES,11
3300159,Aperibé,RJ,12
3300308,Barra do Piraí,RJ,9
3300407,Barra Mansa,RJ,24
3300506,Bom Jardim,RJ,94
3300605,Bom Jesus do Itabapoana,RJ,40
3300902,Cambuci,RJ,50
3300936,Carapebus,RJ,41
3301108,Cantagalo,RJ,10
3301157,Cardoso Moreira,RJ,17
3301306,Casimiro de Abreu,RJ,35
3301504,Cordeiro,RJ,50
3301603,Duas Barras,RJ,2
3302056,Italva,RJ,28
3302106,Itaocara,RJ,42
3302403,Macaé,RJ,841
3303104,Natividade,RJ,10
3303856,Paty do Alferes,RJ,5
3304102,Porciúncula,RJ,120
3304151,Quissamã,RJ,48
3304409,Rio Claro,RJ,15
3304524,Rio das Ostras,RJ,26
3304607,Santa Maria Madalena,RJ,16
3304706,Santo Antônio de Pádua,RJ,59
3305133,São José de Ubá,RJ,110
3305901,Trajano de Moraes,RJ,10
3306156,Varre-Sai,RJ,300
3306305,Volta Redonda,RJ,5
3500105,Adamantina,SP,200
3500204,Adolfo,SP,50
3500303,Aguaí,SP,5000
3500402,Águas da Prata,SP,600
3500501,Águas de Lindóia,SP,50
3500550,Águas de Santa Bárbara,SP,8900
3500709,Agudos,SP,100
3500758,Alambari,SP,1700
3500808,Alfredo Marcondes,SP,150
3500907,Altair,SP,500
3501004,Altinópolis,SP,1547
3501103,Alto Alegre,SP,130
3501152,Alumínio,SP,200
3501202,Álvares Florence,SP,470
3501301,Álvares Machado,SP,400
3501400,Álvaro de Carvalho,SP,400
3501509,Alvinlândia,SP,150
3501707,Américo Brasiliense,SP,50
3501806,Américo de Campos,SP,250
3501905,Amparo,SP,1120
3502002,Analândia,SP,490
3502101,Andradina,SP,1100
3502200,Angatuba,SP,6000
3502309,Anhembi,SP,820
3502408,Anhumas,SP,1020
3502606,Aparecida d'Oeste,SP,80
3502705,Apiaí,SP,4000
3502754,Araçariguama,SP,125
3502804,Araçatuba,SP,7000
3502903,Araçoiaba da Serra,SP,1350
3503000,Aramina,SP,266
3503109,Arandu,SP,460
3503158,Arapeí,SP,27
3503208,Araraquara,SP,1050
3503307,Araras,SP,1200
3503356,Arco-Íris,SP,250
3503406,Arealva,SP,100
3503505,Areias,SP,60
3503604,Areiópolis,SP,150
3503802,Artur Nogueira,SP,1800
3503950,Aspásia,SP,1
3504008,Assis,SP,220
3504107,Atibaia,SP,1100
3504206,Auriflama,SP,600
3504404,Avanhandava,SP,200
3504503,Avaré,SP,7300
3504602,Bady Bassitt,SP,500
3504701,Balbinos,SP,30
3504800,Bálsamo,SP,100
3504909,Bananal,SP,265
3505005,Barão de Antonina,SP,731
3505104,Barbosa,SP,155
3505203,Bariri,SP,1575
3505302,Barra Bonita,SP,5
3505351,Barra do Chapéu,SP,400
3505401,Barra do Turvo,SP,160
3505500,Barretos,SP,4456
3505609,Barrinha,SP,50
3505807,Bastos,SP,60
3505906,Batatais,SP,2000
3506102,Bebedouro,SP,400
3506201,Bento de Abreu,SP,320
3506300,Bernardino de Campos,SP,2100
3506409,Bilac,SP,320
3506508,Birigui,SP,8300
3506706,Boa Esperança do Sul,SP,400
3506805,Bocaina,SP,350
3507001,Boituva,SP,450
3507100,Bom Jesus dos Perdões,SP,30
3507159,Bom Sucesso de Itararé,SP,150
3507308,Boracéia,SP,50
3507407,Borborema,SP,300
3507456,Borebi,SP,60
3507506,Botucatu,SP,2100
3507605,Bragança Paulista,SP,4000
3507704,Braúna,SP,130
3507753,Brejo Alegre,SP,220
3507803,Brodowski,SP,400
3507902,Brotas,SP,1297
3508009,Buri,SP,14550
3508108,Buritama,SP,550
3508207,Buritizal,SP,200
3508405,Cabreúva,SP,100
3508603,Cachoeira Paulista,SP,58
3508702,Caconde,SP,700
3508801,Cafelândia,SP,84
3508900,Caiabu,SP,590
3509106,Caiuá,SP,100
3509254,Cajati,SP,25
3509304,Cajobi,SP,48
3509403,Cajuru,SP,800
3509452,Campina do Monte Alegre,SP,5950
3509502,Campinas,SP,250
3509700,Campos do Jordão,SP,5
3509809,Campos Novos Paulista,SP,9800
3509908,Cananéia,SP,5
3510005,Cândido Mota,SP,200
3510104,Cândido Rodrigues,SP,160
3510153,Canitar,SP,850
3510203,Capão Bonito,SP,18500
3510302,Capela do Alto,SP,850
3510401,Capivari,SP,150
3510708,Cardoso,SP,99
3510807,Casa Branca,SP,10750
3510906,Cássia dos Coqueiros,SP,300
3511003,Castilho,SP,500
3511102,Catanduva,SP,5
3511201,Catiguá,SP,100
3511300,Cedral,SP,230
3511409,Cerqueira César,SP,5470
3511508,Cerquilho,SP,350
3511607,Cesário Lange,SP,1200
3511706,Charqueada,SP,140
3511904,Clementina,SP,100
3512001,Colina,SP,734
3512100,Colômbia,SP,520
3512209,Conchal,SP,1000
3512308,Conchas,SP,360
3512407,Cordeirópolis,SP,400
3512506,Coroados,SP,2933
3512605,Coronel Macedo,SP,3800
3512704,Corumbataí,SP,25
3512803,Cosmópolis,SP,600
3512902,Cosmorama,SP,150
3513108,Cravinhos,SP,300
3513207,Cristais Paulista,SP,1000
3513306,Cruzália,SP,780
3513405,Cruzeiro,SP,51
3513603,Cunha,SP,1040
3513702,Descalvado,SP,850
3513850,Dirce Reis,SP,30
3513900,Divinolândia,SP,100
3514007,Dobrada,SP,40
3514106,Dois Córregos,SP,300
3514205,Dolcinópolis,SP,5
3514304,Dourado,SP,630
3514403,Dracena,SP,200
3514502,Duartina,SP,50
3514601,Dumont,SP,72
3514700,Echaporã,SP,500
3514809,Eldorado,SP,75
3514908,Elias Fausto,SP,550
3514957,Embaúba,SP,18
3515103,Embu-Guaçu,SP,4
3515129,Emilianópolis,SP,300
3515152,Engenheiro Coelho,SP,1400
3515186,Espírito Santo do Pinhal,SP,1000
3515194,Espírito Santo do Turvo,SP,650
3515202,Estrela d'Oeste,SP,400
3515301,Estrela do Norte,SP,100
3515350,Euclides da Cunha Paulista,SP,800
3515400,Fartura,SP,2700
3515509,Fernandópolis,SP,600
3515608,Fernando Prestes,SP,33
3515657,Fernão,SP,850
3515806,Flora Rica,SP,450
3515905,Floreal,SP,500
3516002,Flórida Paulista,SP,580
3516101,Florínea,SP,1000
3516200,Franca,SP,500
3516507,Gabriel Monteiro,SP,250
3516606,Gália,SP,900
3516705,Garça,SP,600
3516804,Gastão Vidigal,SP,360
3516853,Gavião Peixoto,SP,500
3516903,General Salgado,SP,700
3517000,Getulina,SP,342
3517109,Glicério,SP,1550
3517208,Guaiçara,SP,40
3517307,Guaimbê,SP,180
3517406,Guaíra,SP,14350
3517505,Guapiaçu,SP,200
3517604,Guapiara,SP,5000
3517703,Guará,SP,597
3517802,Guaraçaí,SP,300
3517901,Guaraci,SP,885
3518008,Guarani d'Oeste,SP,300
3518107,Guarantã,SP,150
3518206,Guararapes,SP,2000
3518404,Guaratinguetá,SP,230
3518503,Guareí,SP,3300
3518602,Guariba,SP,184
3518859,Guatapará,SP,772
3518909,Guzolândia,SP,242
3519006,Herculândia,SP,480
3519055,Holambra,SP,700
3519105,Iacanga,SP,250
3519204,Iacri,SP,1000
3519253,Iaras,SP,1730
3519303,Ibaté,SP,105
3519402,Ibirá,SP,650
3519501,Ibirarema,SP,200
3519600,Ibitinga,SP,1000
3519709,Ibiúna,SP,2100
3519808,Icém,SP,900
3519907,Iepê,SP,11000
3520004,Igaraçu do Tietê,SP,3
3520103,Igarapava,SP,320
3520301,Iguape,SP,40
3520442,Ilha Solteira,SP,100
3520509,Indaiatuba,SP,900
3520608,Indiana,SP,50
3520707,Indiaporã,SP,300
3520806,Inúbia Paulista,SP,2
3520905,Ipaussu,SP,800
3521002,Iperó,SP,689
3521101,Ipeúna,SP,200
3521150,Ipiguá,SP,250
3521200,Iporanga,SP,150
3521309,Ipuã,SP,1923
3521408,Iracemápolis,SP,10
3521507,Irapuã,SP,2000
3521606,Irapuru,SP,130
3521705,Itaberá,SP,15000
3521804,Itaí,SP,11000
3521903,Itajobi,SP,400
3522000,Itaju,SP,450
3522158,Itaoca,SP,110
3522307,Itapetininga,SP,14500
3522406,Itapeva,SP,35500
3522604,Itapira,SP,1060
3522653,Itapirapuã Paulista,SP,55
3522703,Itápolis,SP,2100
3522802,Itaporanga,SP,2150
3522901,Itapuí,SP,450
3523008,Itapura,SP,1176
3523206,Itararé,SP,9500
3523404,Itatiba,SP,1200
3523503,Itatinga,SP,1300
3523602,Itirapina,SP,580
3523701,Itirapuã,SP,200
3523800,Itobi,SP,2200
3524006,Itupeva,SP,804
3524105,Ituverava,SP,2108
3524204,Jaborandi,SP,809
3524303,Jaboticabal,SP,1500
3524402,Jacareí,SP,3
3524501,Jaci,SP,350
3524600,Jacupiranga,SP,40
3524709,Jaguariúna,SP,350
3524808,Jales,SP,150
3525102,Jardinópolis,SP,650
3525201,Jarinu,SP,380
3525300,Jaú,SP,650
3525409,Jeriquara,SP,247
3525508,Joanópolis,SP,190
3525607,João Ramalho,SP,150
3525706,José Bonifácio,SP,1200
3525805,Júlio Mesquita,SP,100
3525854,Jumirim,SP,51
3525904,Jundiaí,SP,200
3526001,Junqueirópolis,SP,200
3526100,Juquiá,SP,5
3526308,Lagoinha,SP,160
3526407,Laranjal Paulista,SP,4100
3526506,Lavínia,SP,445
3526605,Lavrinhas,SP,18
3526704,Leme,SP,1800
3526803,Lençóis Paulista,SP,100
3526902,Limeira,SP,1000
3527009,Lindóia,SP,30
3527108,Lins,SP,360
3527207,Lorena,SP,96
3527256,Lourdes,SP,595
3527306,Louveira,SP,50
3527405,Lucélia,SP,70
3527504,Lucianópolis,SP,150
3527603,Luís Antônio,SP,600
3527702,Luiziânia,SP,40
3527801,Lupércio,SP,210
3527900,Lutécia,SP,500
3528007,Macatuba,SP,140
3528106,Macaubal,SP,300
3528205,Macedônia,SP,150
3528304,Magda,SP,330
3528403,Mairinque,SP,320
3528601,Manduri,SP,2890
3528700,Marabá Paulista,SP,605
3528809,Maracaí,SP,1100
3528858,Marapoama,SP,100
3528908,Mariápolis,SP,100
3529005,Marília,SP,2800
3529104,Marinópolis,SP,50
3529203,Martinópolis,SP,3500
3529302,Matão,SP,1150
3529500,Mendonça,SP,250
3529609,Meridiano,SP,800
3529658,Mesópolis,SP,30
3529708,Miguelópolis,SP,8000
3529807,Mineiros do Tietê,SP,447
3530003,Mira Estrela,SP,500
3530102,Mirandópolis,SP,800
3530201,Mirante do Paranapanema,SP,2500
3530300,Mirassol,SP,650
3530409,Mirassolândia,SP,100
3530508,Mococa,SP,6000
3530607,Mogi das Cruzes,SP,20
3530706,Mogi Guaçu,SP,2300
3530805,Mogi Mirim,SP,1400
3530904,Mombuca,SP,115
3531001,Monções,SP,115
3531209,Monte Alegre do Sul,SP,140
3531308,Monte Alto,SP,400
3531407,Monte Aprazível,SP,6000
3531506,Monte Azul Paulista,SP,200
3531605,Monte Castelo,SP,30
3531803,Monte Mor,SP,150
3531902,Morro Agudo,SP,1165
3532009,Morungaba,SP,995
3532058,Motuca,SP,50
3532108,Murutinga do Sul,SP,200
3532157,Nantes,SP,10000
3532207,Narandiba,SP,400
3532306,Natividade da Serra,SP,40
3532405,Nazaré Paulista,SP,350
3532504,Neves Paulista,SP,350
3532603,Nhandeara,SP,650
3532702,Nipoã,SP,338
3532801,Nova Aliança,SP,300
3532827,Nova Campina,SP,200
3532843,Nova Canaã Paulista,SP,70
3532868,Nova Castilho,SP,300
3532900,Nova Europa,SP,650
3533007,Nova Granada,SP,1900
3533106,Nova Guataporanga,SP,30
3533254,Novais,SP,75
3533304,Nova Luzitânia,SP,166
3533403,Nova Odessa,SP,415
3533502,Novo Horizonte,SP,400
3533601,Nuporanga,SP,1340
3533700,Ocauçu,SP,36
3533809,Óleo,SP,3130
3533908,Olímpia,SP,700
3534005,Onda Verde,SP,250
3534104,Oriente,SP,150
3534203,Orindiúva,SP,311
3534302,Orlândia,SP,100
3534500,Oscar Bressane,SP,290
3534609,Osvaldo Cruz,SP,350
3534708,Ourinhos,SP,2100
3534757,Ouroeste,SP,500
3534807,Ouro Verde,SP,30
3534906,Pacaembu,SP,500
3535002,Palestina,SP,877
3535101,Palmares Paulista,SP,4
3535200,Palmeira d'Oeste,SP,30
3535309,Palmital,SP,450
3535408,Panorama,SP,50
3535507,Paraguaçu Paulista,SP,2500
3535705,Paraíso,SP,150
3535804,Paranapanema,SP,8300
3535903,Paranapuã,SP,80
3536000,Parapuã,SP,1080
3536109,Pardinho,SP,1300
3536208,Pariquera-Açu,SP,100
3536257,Parisi,SP,800
3536307,Patrocínio Paulista,SP,200
3536406,Paulicéia,SP,30
3536570,Paulistânia,SP,200
3536604,Paulo de Faria,SP,795
3536703,Pederneiras,SP,2270
3536802,Pedra Bela,SP,1200
3536901,Pedranópolis,SP,100
3537008,Pedregulho,SP,1500
3537107,Pedreira,SP,52
3537156,Pedrinhas Paulista,SP,202
3537305,Penápolis,SP,500
3537404,Pereira Barreto,SP,1490
3537503,Pereiras,SP,250
3537701,Piacatu,SP,134
3537800,Piedade,SP,1000
3537909,Pilar do Sul,SP,8200
3538006,Pindamonhangaba,SP,1800
3538105,Pindorama,SP,100
3538204,Pinhalzinho,SP,1000
3538303,Piquerobi,SP,600
3538501,Piquete,SP,12
3538600,Piracaia,SP,140
3538709,Piracicaba,SP,1900
3538808,Piraju,SP,5400
3538907,Pirajuí,SP,1300
3539004,Pirangi,SP,10
3539202,Pirapozinho,SP,430
3539301,Pirassununga,SP,4300
3539400,Piratininga,SP,50
3539509,Pitangueiras,SP,130
3539608,Planalto,SP,400
3539707,Platina,SP,1210
3539905,Poloni,SP,500
3540002,Pompéia,SP,700
3540101,Pongaí,SP,220
3540200,Pontal,SP,200
3540259,Pontalinda,SP,400
3540309,Pontes Gestal,SP,100
3540408,Populina,SP,50
3540507,Porangaba,SP,300
3540606,Porto Feliz,SP,600
3540705,Porto Ferreira,SP,700
3540804,Potirendaba,SP,700
3540853,Pracinha,SP,25
3540903,Pradópolis,SP,540
3541059,Pratânia,SP,400
3541109,Presidente Alves,SP,20
3541208,Presidente Bernardes,SP,2500
3541307,Presidente Epitácio,SP,400
3541406,Presidente Prudente,SP,230
3541505,Presidente Venceslau,SP,600
3541604,Promissão,SP,500
3541653,Quadra,SP,1400
3541703,Quatá,SP,800
3541802,Queiroz,SP,20
3541901,Queluz,SP,18
3542008,Quintana,SP,500
3542107,Rafard,SP,50
3542206,Rancharia,SP,18000
3542305,Redenção da Serra,SP,10
3542404,Regente Feijó,SP,600
3542503,Reginópolis,SP,550
3542602,Registro,SP,20
3542701,Restinga,SP,200
3542800,Ribeira,SP,20
3542909,Ribeirão Bonito,SP,100
3543006,Ribeirão Branco,SP,5401
3543105,Ribeirão Corrente,SP,150
3543204,Ribeirão do Sul,SP,8000
3543238,Ribeirão dos Índios,SP,225
3543253,Ribeirão Grande,SP,2700
3543402,Ribeirão Preto,SP,800
3543501,Riversul,SP,1400
3543709,Rincão,SP,30
3543808,Rinópolis,SP,400
3543907,Rio Claro,SP,1230
3544004,Rio das Pedras,SP,205
3544202,Riolândia,SP,605
3544251,Rosana,SP,3100
3544301,Roseira,SP,20
3544400,Rubiácea,SP,159
3544509,Rubinéia,SP,120
3544608,Sabino,SP,560
3544707,Sagres,SP,25
3544806,Sales,SP,500
3544905,Sales Oliveira,SP,250
3545100,Salmourão,SP,320
3545159,Saltinho,SP,120
3545209,Salto,SP,300
3545308,Salto de Pirapora,SP,1450
3545407,Salto Grande,SP,9000
3545506,Sandovalina,SP,700
3545605,Santa Adélia,SP,50
3545704,Santa Albertina,SP,60
3545803,Santa Bárbara d'Oeste,SP,700
3546009,Santa Branca,SP,1
3546108,Santa Clara d'Oeste,SP,120
3546207,Santa Cruz da Conceição,SP,300
3546256,Santa Cruz da Esperança,SP,250
3546306,Santa Cruz das Palmeiras,SP,390
3546405,Santa Cruz do Rio Pardo,SP,13500
3546504,Santa Ernestina,SP,40
3546603,Santa Fé do Sul,SP,160
3546900,Santa Lúcia,SP,400
3547007,Santa Maria da Serra,SP,220
3547205,Santana da Ponte Pensa,SP,80
3547403,Santa Rita d'Oeste,SP,90
3547502,Santa Rita do Passa Quatro,SP,760
3547601,Santa Rosa de Viterbo,SP,250
3547650,Santa Salete,SP,25
3547700,Santo Anastácio,SP,2325
3547908,Santo Antônio da Alegria,SP,530
3548005,Santo Antônio de Posse,SP,900
3548054,Santo Antônio do Aracanguá,SP,1410
3548104,Santo Antônio do Jardim,SP,500
3548203,Santo Antônio do Pinhal,SP,5
3548302,Santo Expedito,SP,60
3548401,Santópolis do Aguapeí,SP,96
3548609,São Bento do Sapucaí,SP,80
3548906,São Carlos,SP,1800
3549003,São Francisco,SP,10
3549102,São João da Boa Vista,SP,4200
3549201,São João das Duas Pontes,SP,75
3549250,São João de Iracema,SP,100
3549300,São João do Pau d'Alho,SP,16
3549409,São Joaquim da Barra,SP,227
3549508,São José da Bela Vista,SP,330
3549607,São José do Barreiro,SP,45
3549706,São José do Rio Pardo,SP,1200
3549805,São José do Rio Preto,SP,100
3550001,São Luiz do Paraitinga,SP,310
3550100,São Manuel,SP,150
3550209,São Miguel Arcanjo,SP,8200
3550407,São Pedro,SP,360
3550506,São Pedro do Turvo,SP,5300
3550605,São Roque,SP,500
3550803,São Sebastião da Grama,SP,230
3550902,São Simão,SP,70
3551108,Sarapuí,SP,1150
3551207,Sarutaiá,SP,1450
3551306,Sebastianópolis do Sul,SP,250
3551405,Serra Azul,SP,10
3551504,Serrana,SP,200
3551603,Serra Negra,SP,350
3551702,Sertãozinho,SP,240
3551801,Sete Barras,SP,50
3551900,Severínia,SP,250
3552007,Silveiras,SP,20
3552106,Socorro,SP,1950
3552205,Sorocaba,SP,412
3552304,Sud Mennucci,SP,1371
3552403,Sumaré,SP,300
3552551,Suzanápolis,SP,180
3552601,Tabapuã,SP,20
3552700,Tabatinga,SP,400
3552908,Taciba,SP,9000
3553005,Taguaí,SP,3550
3553104,Taiaçu,SP,100
3553203,Taiúva,SP,120
3553302,Tambaú,SP,600
3553401,Tanabi,SP,1000
3553609,Tapiratiba,SP,400
3553658,Taquaral,SP,20
3553708,Taquaritinga,SP,1000
3553807,Taquarituba,SP,8600
3553856,Taquarivaí,SP,5500
3553906,Tarabai,SP,125
3553955,Tarumã,SP,700
3554003,Tatuí,SP,4500
3554102,Taubaté,SP,196
3554201,Tejupá,SP,800
3554300,Teodoro Sampaio,SP,1182
3554409,Terra Roxa,SP,100
3554508,Tietê,SP,2500
3554607,Timburi,SP,190
3554656,Torre de Pedra,SP,15
3554706,Torrinha,SP,857
3554805,Tremembé,SP,220
3554904,Três Fronteiras,SP,250
3554953,Tuiuti,SP,1900
3555000,Tupã,SP,920
3555109,Tupi Paulista,SP,30
3555208,Turiúba,SP,290
3555307,Turmalina,SP,500
3555356,Ubarana,SP,200
3555505,Ubirajara,SP,400
3555604,Uchoa,SP,250
3555703,União Paulista,SP,260
3555802,Urânia,SP,100
3555901,Uru,SP,60
3556008,Urupês,SP,500
3556206,Valinhos,SP,30
3556305,Valparaíso,SP,475
3556354,Vargem,SP,750
3556404,Vargem Grande do Sul,SP,3300
3556602,Vera Cruz,SP,400
3556701,Vinhedo,SP,30
3556800,Viradouro,SP,150
3556909,Vista Alegre do Alto,SP,50
3556958,Vitória Brasil,SP,90
3557006,Votorantim,SP,430
3557105,Votuporanga,SP,200
3557154,Zacarias,SP,650
3557204,Chavantes,SP,2100
3557303,Estiva Gerbi,SP,150
4100103,Abatiá,PR,50
4100202,Adrianópolis,PR,1000
4100301,Agudos do Sul,PR,3600
4100400,Almirante Tamandaré,PR,700
4100459,Altamira do Paraná,PR,1460
4100509,Altônia,PR,3200
4100608,Alto Paraná,PR,370
4100707,Alto Piquiri,PR,30000
4100806,Alvorada do Sul,PR,21309
4100905,Amaporã,PR,1600
4101002,Ampére,PR,4300
4101051,Anahy,PR,4400
4101101,Andirá,PR,12890
4101150,Ângulo,PR,6560
4101200,Antonina,PR,5
4101309,Antônio Olinto,PR,2000
4101408,Apucarana,PR,10500
4101507,Arapongas,PR,7800
4101606,Arapoti,PR,5700
4101655,Arapuã,PR,1100
4101705,Araruna,PR,8520
4101804,Araucária,PR,4700
4101853,Ariranha do Ivaí,PR,1810
4101903,Assaí,PR,5400
4102000,Assis Chateaubriand,PR,68405
4102109,Astorga,PR,23742
4102208,Atalaia,PR,6540
4102307,Balsa Nova,PR,1550
4102406,Bandeirantes,PR,13160
4102505,Barbosa Ferraz,PR,9750
4102604,Barracão,PR,1500
4102703,Barra do Jacaré,PR,3640
4102752,Bela Vista da Caroba,PR,1350
4102802,Bela Vista do Paraíso,PR,15593
4102901,Bituruna,PR,2300
4103008,Boa Esperança,PR,14040
4103024,Boa Esperança do Iguaçu,PR,2200
4103040,Boa Ventura de São Roque,PR,4000
4103057,Boa Vista da Aparecida,PR,1250
4103107,Bocaiúva do Sul,PR,800
4103156,Bom Jesus do Sul,PR,1500
4103206,Bom Sucesso,PR,3400
4103222,Bom Sucesso do Sul,PR,9300
4103305,Borrazópolis,PR,4290
4103354,Braganey,PR,10200
4103370,Brasilândia do Sul,PR,21550
4103404,Cafeara,PR,2441
4103453,Cafelândia,PR,10035
4103479,Cafezal do Sul,PR,8000
4103503,Califórnia,PR,2150
4103602,Cambará,PR,14550
4103701,Cambé,PR,34007
4103800,Cambira,PR,2650
4103909,Campina da Lagoa,PR,24300
4103958,Campina do Simão,PR,1950
4104006,Campina Grande do Sul,PR,700
4104055,Campo Bonito,PR,5400
4104105,Campo do Tenente,PR,800
4104204,Campo Largo,PR,3400
4104253,Campo Magro,PR,2300
4104303,Campo Mourão,PR,20200
4104402,Cândido de Abreu,PR,4850
4104428,Candói,PR,9400
4104451,Cantagalo,PR,3410
4104501,Capanema,PR,11300
4104600,Capitão Leônidas Marques,PR,5100
4104659,Carambeí,PR,5592
4104709,Carlópolis,PR,1050
4104808,Cascavel,PR,62200
4104907,Castro,PR,11767
4105003,Catanduvas,PR,5200
4105102,Centenário do Sul,PR,8940
4105201,Cerro Azul,PR,5120
4105300,Céu Azul,PR,10725
4105409,Chopinzinho,PR,7500
4105508,Cianorte,PR,5560
4105607,Cidade Gaúcha,PR,680
4105706,Clevelândia,PR,6500
4105805,Colombo,PR,110
4105904,Colorado,PR,1416
4106001,Congonhinhas,PR,6200
4106100,Conselheiro Mairinck,PR,5000
4106209,Contenda,PR,3500
4106308,Corbélia,PR,24800
4106407,Cornélio Procópio,PR,24050
4106456,Coronel Domingos Soares,PR,2000
4106506,Coronel Vivida,PR,4800
4106555,Corumbataí do Sul,PR,2500
4106571,Cruzeiro do Iguaçu,PR,2700
4106605,Cruzeiro do Oeste,PR,2000
4106704,Cruzeiro do Sul,PR,3600
4106803,Cruz Machado,PR,10100
4106852,Cruzmaltina,PR,2150
4106902,Curitiba,PR,80
4107009,Curiúva,PR,700
4107108,Diamante do Norte,PR,3440
4107124,Diamante do Sul,PR,1200
4107157,Diamante D'Oeste,PR,900
4107207,Dois Vizinhos,PR,5700
4107306,Doutor Camargo,PR,9470
4107405,Enéas Marques,PR,1800
4107504,Engenheiro Beltrão,PR,36300
4107520,Esperança Nova,PR,60
4107538,Entre Rios do Oeste,PR,5350
4107546,Espigão Alto do Iguaçu,PR,2100
4107553,Farol,PR,8931
4107603,Faxinal,PR,2200
4107652,Fazenda Rio Grande,PR,350
4107702,Fênix,PR,14020
4107736,Fernandes Pinheiro,PR,4300
4107751,Figueira,PR,700
4107801,Floraí,PR,12250
4107850,Flor da Serra do Sul,PR,2100
4107900,Floresta,PR,12580
4108007,Florestópolis,PR,6534
4108106,Flórida,PR,3500
4108205,Formosa do Oeste,PR,16100
4108304,Foz do Iguaçu,PR,8750
4108320,Francisco Alves,PR,18500
4108403,Francisco Beltrão,PR,7800
4108452,Foz do Jordão,PR,3050
4108502,General Carneiro,PR,1000
4108551,Godoy Moreira,PR,2350
4108601,Goioerê,PR,24100
4108650,Goioxim,PR,3110
4108700,Grandes Rios,PR,1050
4108809,Guaíra,PR,33225
4108908,Guairaçá,PR,105
4108957,Guamiranga,PR,1650
4109005,Guapirama,PR,2450
4109104,Guaporema,PR,614
4109203,Guaraci,PR,3119
4109302,Guaraniaçu,PR,6800
4109401,Guarapuava,PR,13700
4109500,Guaraqueçaba,PR,5
4109609,Guaratuba,PR,8
4109658,Honório Serpa,PR,1900
4109708,Ibaiti,PR,3000
4109757,Ibema,PR,1700
4109807,Ibiporã,PR,14320
4109906,Icaraíma,PR,393
4110003,Iguaraçu,PR,9250
4110052,Iguatu,PR,3005
4110078,Imbaú,PR,600
4110102,Imbituva,PR,8000
4110201,Inácio Martins,PR,700
4110300,Inajá,PR,603
4110409,Indianópolis,PR,1510
4110508,Ipiranga,PR,3859
4110607,Iporã,PR,22100
4110656,Iracema do Oeste,PR,5378
4110706,Irati,PR,10200
4110805,Iretama,PR,3200
4110904,Itaguajé,PR,900
4110953,Itaipulândia,PR,10250
4111001,Itambaracá,PR,12630
4111100,Itambé,PR,17532
4111209,Itapejara d'Oeste,PR,9800
4111258,Itaperuçu,PR,2200
4111308,Itaúna do Sul,PR,220
4111407,Ivaí,PR,4750
4111506,Ivaiporã,PR,1900
4111555,Ivaté,PR,600
4111605,Ivatuba,PR,8130
4111704,Jaboti,PR,1950
4111803,Jacarezinho,PR,4100
4111902,Jaguapitã,PR,6930
4112009,Jaguariaíva,PR,3100
4112108,Jandaia do Sul,PR,2485
4112207,Janiópolis,PR,13260
4112306,Japira,PR,2900
4112405,Japurá,PR,8920
4112504,Jardim Alegre,PR,2500
4112603,Jardim Olinda,PR,1400
4112702,Jataizinho,PR,5035
4112751,Jesuítas,PR,10800
4112801,Joaquim Távora,PR,1880
4112900,Jundiaí do Sul,PR,3800
4112959,Juranda,PR,27050
4113007,Jussara,PR,9505
4113106,Kaloré,PR,8830
4113205,Lapa,PR,3000
4113254,Laranjal,PR,1350
4113304,Laranjeiras do Sul,PR,4100
4113403,Leópolis,PR,18245
4113429,Lidianópolis,PR,2040
4113452,Lindoeste,PR,5085
4113502,Loanda,PR,660
4113601,Lobato,PR,6400
4113700,Londrina,PR,36650
4113734,Luiziana,PR,16030
4113759,Lunardelli,PR,2250
4113809,Lupionópolis,PR,4158
4113908,Mallet,PR,3200
4114005,Mamborê,PR,30640
4114104,Mandaguaçu,PR,11569
4114203,Mandaguari,PR,4655
4114302,Mandirituba,PR,2200
4114351,Manfrinópolis,PR,900
4114401,Mangueirinha,PR,13500
4114500,Manoel Ribas,PR,10500
4114609,Marechal Cândido Rondon,PR,24400
4114708,Maria Helena,PR,178
4114807,Marialva,PR,18310
4114906,Marilândia do Sul,PR,4800
4115002,Marilena,PR,50
4115101,Mariluz,PR,16550
4115200,Maringá,PR,23427
4115309,Mariópolis,PR,3600
4115358,Maripá,PR,18720
4115408,Marmeleiro,PR,5800
4115457,Marquinho,PR,850
4115507,Marumbi,PR,1260
4115606,Matelândia,PR,6800
4115739,Mato Rico,PR,1400
4115754,Mauá da Serra,PR,420
4115804,Medianeira,PR,9850
4115853,Mercedes,PR,6600
4115903,Mirador,PR,400
4116000,Miraselva,PR,550
4116059,Missal,PR,13270
4116109,Moreira Sales,PR,4580
4116208,Morretes,PR,9
4116307,Munhoz de Melo,PR,5959
4116406,Nossa Senhora das Graças,PR,1450
4116505,Nova Aliança do Ivaí,PR,250
4116604,Nova América da Colina,PR,3340
4116703,Nova Aurora,PR,22620
4116802,Nova Cantu,PR,12600
4116901,Nova Esperança,PR,2350
4116950,Nova Esperança do Sudoeste,PR,800
4117008,Nova Fátima,PR,4075
4117057,Nova Laranjeiras,PR,2400
4117107,Nova Londrina,PR,265
4117206,Nova Olímpia,PR,45
4117214,Nova Santa Bárbara,PR,420
4117222,Nova Santa Rosa,PR,13021
4117255,Nova Prata do Iguaçu,PR,6350
4117271,Nova Tebas,PR,2500
4117297,Novo Itacolomi,PR,1750
4117305,Ortigueira,PR,9200
4117404,Ourizona,PR,12889
4117453,Ouro Verde do Oeste,PR,10120
4117503,Paiçandu,PR,9800
4117602,Palmas,PR,2500
4117701,Palmeira,PR,9103
4117800,Palmital,PR,2900
4117909,Palotina,PR,44670
4118006,Paraíso do Norte,PR,1500
4118105,Paranacity,PR,1700
4118204,Paranaguá,PR,9
4118303,Paranapoema,PR,900
4118402,Paranavaí,PR,120
4118451,Pato Bragado,PR,5155
4118501,Pato Branco,PR,15700
4118600,Paula Freitas,PR,800
4118709,Paulo Frontin,PR,800
4118808,Peabiru,PR,14350
4118857,Perobal,PR,12300
4118907,Pérola,PR,522
4119004,Pérola d'Oeste,PR,6200
4119103,Piên,PR,2100
4119152,Pinhais,PR,35
4119202,Pinhalão,PR,3100
4119251,Pinhal de São Bento,PR,1050
4119301,Pinhão,PR,6930
4119400,Piraí do Sul,PR,8100
4119509,Piraquara,PR,360
4119608,Pitanga,PR,5900
4119657,Pitangueiras,PR,7163
4119707,Planaltina do Paraná,PR,544
4119806,Planalto,PR,2200
4119905,Ponta Grossa,PR,5830
4120002,Porecatu,PR,1782
4120101,Porto Amazonas,PR,1428
4120150,Porto Barreiro,PR,2000
4120200,Porto Rico,PR,15
4120309,Porto Vitória,PR,1200
4120333,Prado Ferreira,PR,8561
4120358,Pranchita,PR,6500
4120408,Presidente Castelo Branco,PR,1568
4120507,Primeiro de Maio,PR,23130
4120606,Prudentópolis,PR,14600
4120655,Quarto Centenário,PR,24550
4120705,Quatiguá,PR,2000
4120804,Quatro Barras,PR,300
4120853,Quatro Pontes,PR,6040
4120903,Quedas do Iguaçu,PR,7000
4121000,Querência do Norte,PR,8900
4121109,Quinta do Sol,PR,19471
4121208,Quitandinha,PR,2250
4121257,Ramilândia,PR,2350
4121307,Rancho Alegre,PR,12080
4121356,Rancho Alegre D'Oeste,PR,17950
4121406,Realeza,PR,5500
4121505,Rebouças,PR,3500
4121604,Renascença,PR,10000
4121703,Reserva,PR,5600
4121752,Reserva do Iguaçu,PR,3600
4121802,Ribeirão Claro,PR,2750
4121901,Ribeirão do Pinhal,PR,140
4122008,Rio Azul,PR,5000
4122107,Rio Bom,PR,3400
4122156,Rio Bonito do Iguaçu,PR,9600
4122172,Rio Branco do Ivaí,PR,2450
4122206,Rio Branco do Sul,PR,500
4122305,Rio Negro,PR,2300
4122404,Rolândia,PR,12800
4122503,Roncador,PR,6100
4122602,Rondon,PR,630
4122651,Rosário do Ivaí,PR,750
4122701,Sabáudia,PR,7900
4122800,Salgado Filho,PR,2800
4122909,Salto do Itararé,PR,1880
4123006,Salto do Lontra,PR,3450
4123105,Santa Amélia,PR,2320
4123204,Santa Cecília do Pavão,PR,400
4123303,Santa Cruz de Monte Castelo,PR,4430
4123402,Santa Fé,PR,8320
4123501,Santa Helena,PR,24900
4123600,Santa Inês,PR,900
4123709,Santa Isabel do Ivaí,PR,3920
4123808,Santa Izabel do Oeste,PR,6000
4123824,Santa Lúcia,PR,3450
4123857,Santa Maria do Oeste,PR,4300
4123907,Santa Mariana,PR,25460
4123956,Santa Mônica,PR,3291
4124004,Santana do Itararé,PR,3300
4124020,Santa Tereza do Oeste,PR,13600
4124053,Santa Terezinha de Itaipu,PR,15130
4124103,Santo Antônio da Platina,PR,8650
4124202,Santo Antônio do Caiuá,PR,360
4124301,Santo Antônio do Paraíso,PR,1940
4124400,Santo Antônio do Sudoeste,PR,5000
4124509,Santo Inácio,PR,2650
4124608,São Carlos do Ivaí,PR,4800
4124707,São Jerônimo da Serra,PR,1160
4124806,São João,PR,8000
4125001,São João do Ivaí,PR,15700
4125100,São João do Triunfo,PR,1850
4125209,São Jorge d'Oeste,PR,4200
4125308,São Jorge do Ivaí,PR,25207
4125357,São Jorge do Patrocínio,PR,65
4125407,São José da Boa Vista,PR,9580
4125456,São José das Palmeiras,PR,2480
4125506,São José dos Pinhais,PR,1620
4125555,São Manoel do Paraná,PR,1157
4125605,São Mateus do Sul,PR,4000
4125704,São Miguel do Iguaçu,PR,45375
4125753,São Pedro do Iguaçu,PR,6400
4125803,São Pedro do Ivaí,PR,9680
4125902,São Pedro do Paraná,PR,330
4126009,São Sebastião da Amoreira,PR,9290
4126108,São Tomé,PR,1225
4126207,Sapopema,PR,45
4126256,Sarandi,PR,4200
4126272,Saudade do Iguaçu,PR,550
4126306,Sengés,PR,2800
4126355,Serranópolis do Iguaçu,PR,11590
4126405,Sertaneja,PR,28900
4126504,Sertanópolis,PR,27700
4126603,Siqueira Campos,PR,4020
4126652,Sulina,PR,900
4126678,Tamarana,PR,2450
4126702,Tamboara,PR,250
4126801,Tapejara,PR,45
4126900,Tapira,PR,720
4127007,Teixeira Soares,PR,10200
4127106,Telêmaco Borba,PR,50
4127205,Terra Boa,PR,8145
4127304,Terra Rica,PR,340
4127403,Terra Roxa,PR,53350
4127502,Tibagi,PR,19000
4127601,Tijucas do Sul,PR,2800
4127700,Toledo,PR,60500
4127809,Tomazina,PR,3000
4127858,Três Barras do Paraná,PR,3100
4127882,Tunas do Paraná,PR,186
4127908,Tuneiras do Oeste,PR,3515
4127957,Tupãssi,PR,20170
4127965,Turvo,PR,2800
4128005,Ubiratã,PR,51600
4128104,Umuarama,PR,660
4128203,União da Vitória,PR,1000
4128302,Uniflor,PR,3198
4128401,Uraí,PR,10072
4128500,Wenceslau Braz,PR,10000
4128534,Ventania,PR,6225
4128559,Vera Cruz do Oeste,PR,6350
4128609,Verê,PR,6700
4128625,Alto Paraíso,PR,375
4128633,Doutor Ulysses,PR,3000
4128658,Virmond,PR,1600
4128708,Vitorino,PR,8500
4200051,Abdon Batista,SC,1300
4200101,Abelardo Luz,SC,10000
4200200,Agrolândia,SC,1250
4200309,Agronômica,SC,1300
4200408,Água Doce,SC,5900
4200507,Águas de Chapecó,SC,504
4200556,Águas Frias,SC,300
4200606,Águas Mornas,SC,93
4200705,Alfredo Wagner,SC,3500
4200754,Alto Bela Vista,SC,600
4200804,Anchieta,SC,1200
4200903,Angelina,SC,800
4201000,Anita Garibaldi,SC,2400
4201109,Anitápolis,SC,269
4201208,Antônio Carlos,SC,3
4201257,Apiúna,SC,428
4201273,Arabutã,SC,950
4201307,Araquari,SC,35
4201406,Araranguá,SC,1000
4201505,Armazém,SC,250
4201604,Arroio Trinta,SC,1550
4201653,Arvoredo,SC,500
4201703,Ascurra,SC,30
4201802,Atalanta,SC,800
4201901,Aurora,SC,1900
4202081,Bandeirante,SC,1260
4202099,Barra Bonita,SC,779
4202131,Bela Vista do Toldo,SC,1500
4202156,Belmonte,SC,330
4202206,Benedito Novo,SC,395
4202404,Blumenau,SC,106
4202438,Bocaina do Sul,SC,1000
4202503,Bom Jardim da Serra,SC,150
4202537,Bom Jesus,SC,1200
4202578,Bom Jesus do Oeste,SC,400
4202602,Bom Retiro,SC,2000
4202701,Botuverá,SC,150
4202800,Braço do Norte,SC,100
4202859,Braço do Trombudo,SC,700
4202875,Brunópolis,SC,2100
4203006,Caçador,SC,4000
4203105,Caibi,SC,1000
4203154,Calmon,SC,700
4203204,Camboriú,SC,5
4203253,Capão Alto,SC,3200
4203303,Campo Alegre,SC,1500
4203402,Campo Belo do Sul,SC,4000
4203501,Campo Erê,SC,3500
4203600,Campos Novos,SC,12700
4203709,Canelinha,SC,168
4203808,Canoinhas,SC,4800
4203907,Capinzal,SC,900
4204004,Catanduvas,SC,600
4204103,Caxambu do Sul,SC,2400
4204152,Celso Ramos,SC,900
4204178,Cerro Negro,SC,3000
4204194,Chapadão do Lageado,SC,830
4204202,Chapecó,SC,4735
4204251,Cocal do Sul,SC,330
4204301,Concórdia,SC,6700
4204350,Cordilheira Alta,SC,165
4204400,Coronel Freitas,SC,350
4204459,Coronel Martins,SC,400
4204509,Corupá,SC,10
4204558,Correia Pinto,SC,2000
4204608,Criciúma,SC,1600
4204707,Cunha Porã,SC,1800
4204756,Cunhataí,SC,400
4204806,Curitibanos,SC,2900
4204905,Descanso,SC,3800
4205001,Dionísio Cerqueira,SC,1578
4205100,Dona Emma,SC,750
4205159,Doutor Pedrinho,SC,146
4205175,Entre Rios,SC,200
4205191,Ermo,SC,455
4205209,Erval Velho,SC,1500
4205308,Faxinal dos Guedes,SC,2500
4205357,Flor do Sertão,SC,110
4205431,Formosa do Sul,SC,200
4205456,Forquilhinha,SC,1250
4205506,Fraiburgo,SC,6500
4205555,Frei Rogério,SC,1700
4205605,Galvão,SC,200
4205704,Garopaba,SC,10
4205902,Gaspar,SC,9
4206108,Grão-Pará,SC,425
4206207,Gravatal,SC,8
4206306,Guabiruba,SC,140
4206405,Guaraciaba,SC,2200
4206504,Guaramirim,SC,15
4206603,Guarujá do Sul,SC,390
4206652,Guatambú,SC,1000
4206702,Herval d'Oeste,SC,1900
4206751,Ibiam,SC,1210
4206801,Ibicaré,SC,2880
4206900,Ibirama,SC,460
4207007,Içara,SC,3400
4207106,Ilhota,SC,2
4207205,Imaruí,SC,70
4207304,Imbituba,SC,30
4207403,Imbuia,SC,1200
4207502,Indaial,SC,106
4207577,Iomerê,SC,2050
4207601,Ipira,SC,1000
4207650,Iporã do Oeste,SC,1384
4207684,Ipuaçu,SC,700
4207700,Ipumirim,SC,1000
4207759,Iraceminha,SC,1250
4207809,Irani,SC,2000
4207858,Irati,SC,140
4207908,Irineópolis,SC,2300
4208005,Itá,SC,650
4208104,Itaiópolis,SC,6700
4208401,Itapiranga,SC,1110
4208500,Ituporanga,SC,3100
4208609,Jaborá,SC,2070
4208708,Jacinto Machado,SC,700
4208807,Jaguaruna,SC,150
4208906,Jaraguá do Sul,SC,200
4208955,Jardinópolis,SC,200
4209003,Joaçaba,SC,3050
4209151,José Boiteux,SC,500
4209177,Jupiá,SC,600
4209201,Lacerdópolis,SC,1630
4209300,Lages,SC,4000
4209409,Laguna,SC,10
4209458,Lajeado Grande,SC,900
4209508,Laurentino,SC,200
4209607,Lauro Müller,SC,200
4209706,Lebon Régis,SC,3000
4209805,Leoberto Leal,SC,1000
4209854,Lindóia do Sul,SC,900
4209904,Lontras,SC,800
4210035,Luzerna,SC,1200
4210050,Macieira,SC,1200
4210100,Mafra,SC,6000
4210209,Major Gercino,SC,25
4210308,Major Vieira,SC,1100
4210407,Maracajá,SC,225
4210506,Maravilha,SC,1700
4210555,Marema,SC,400
4210605,Massaranduba,SC,50
4210704,Matos Costa,SC,1200
4210803,Meleiro,SC,950
4210852,Mirim Doce,SC,200
4210902,Modelo,SC,800
4211009,Mondaí,SC,800
4211058,Monte Carlo,SC,1400
4211108,Monte Castelo,SC,500
4211207,Morro da Fumaça,SC,340
4211256,Morro Grande,SC,460
4211405,Nova Erechim,SC,350
4211454,Nova Itaberaba,SC,800
4211504,Nova Trento,SC,300
4211603,Nova Veneza,SC,1150
4211652,Novo Horizonte,SC,600
4211702,Orleans,SC,700
4211751,Otacílio Costa,SC,3000
4211801,Ouro,SC,2000
4211850,Ouro Verde,SC,2000
4211876,Paial,SC,500
4211892,Painel,SC,250
4212007,Palma Sola,SC,1150
4212056,Palmeira,SC,600
4212106,Palmitos,SC,5000
4212205,Papanduva,SC,3800
4212239,Paraíso,SC,845
4212254,Passo de Torres,SC,30
4212270,Passos Maia,SC,1800
4212304,Paulo Lopes,SC,40
4212403,Pedras Grandes,SC,500
4212601,Peritiba,SC,1000
4212650,Pescaria Brava,SC,5
4212700,Petrolândia,SC,1500
4212908,Pinhalzinho,SC,1900
4213005,Pinheiro Preto,SC,970
4213104,Piratuba,SC,350
4213153,Planalto Alegre,SC,400
4213203,Pomerode,SC,88
4213302,Ponte Alta,SC,1100
4213351,Ponte Alta do Norte,SC,170
4213401,Ponte Serrada,SC,1000
4213609,Porto União,SC,1600
4213708,Pouso Redondo,SC,1100
4213807,Praia Grande,SC,300
4213906,Presidente Castello Branco,SC,700
4214003,Presidente Getúlio,SC,1900
4214102,Presidente Nereu,SC,680
4214151,Princesa,SC,1030
4214201,Quilombo,SC,3000
4214300,Rancho Queimado,SC,132
4214409,Rio das Antas,SC,3800
4214508,Rio do Campo,SC,1700
4214607,Rio do Oeste,SC,1320
4214706,Rio dos Cedros,SC,183
4214805,Rio do Sul,SC,450
4214904,Rio Fortuna,SC,30
4215000,Rio Negrinho,SC,1600
4215059,Rio Rufino,SC,650
4215075,Riqueza,SC,1250
4215109,Rodeio,SC,38
4215208,Romelândia,SC,850
4215307,Salete,SC,600
4215356,Saltinho,SC,750
4215406,Salto Veloso,SC,300
4215455,Sangão,SC,40
4215505,Santa Cecília,SC,110
4215554,Santa Helena,SC,588
4215604,Santa Rosa de Lima,SC,80
4215653,Santa Rosa do Sul,SC,120
4215679,Santa Terezinha,SC,2000
4215687,Santa Terezinha do Progresso,SC,200
4215695,Santiago do Sul,SC,200
4215703,Santo Amaro da Imperatriz,SC,10
4215752,São Bernardino,SC,500
4215802,São Bento do Sul,SC,1000
4215901,São Bonifácio,SC,128
4216008,São Carlos,SC,800
4216057,São Cristóvão do Sul,SC,280
4216107,São Domingos,SC,3100
4216255,São João do Oeste,SC,600
4216305,São João Batista,SC,110
4216404,São João do Sul,SC,640
4216503,São Joaquim,SC,400
4216602,São José,SC,30
4216701,São José do Cedro,SC,2776
4216800,São José do Cerrito,SC,6000
4216909,São Lourenço do Oeste,SC,2300
4217006,São Ludgero,SC,80
4217105,São Martinho,SC,100
4217154,São Miguel da Boa Vista,SC,420
4217204,São Miguel do Oeste,SC,674
4217253,São Pedro de Alcântara,SC,42
4217303,Saudades,SC,3000
4217402,Schroeder,SC,50
4217501,Seara,SC,2500
4217550,Serra Alta,SC,300
4217600,Siderópolis,SC,300
4217709,Sombrio,SC,850
4217758,Sul Brasil,SC,550
4217808,Taió,SC,2300
4217907,Tangará,SC,5500
4217956,Tigrinhos,SC,700
4218004,Tijucas,SC,65
4218103,Timbé do Sul,SC,615
4218202,Timbó,SC,70
4218251,Timbó Grande,SC,1000
4218301,Três Barras,SC,1000
4218350,Treviso,SC,25
4218400,Treze de Maio,SC,1000
4218509,Treze Tílias,SC,1850
4218608,Trombudo Central,SC,500
4218707,Tubarão,SC,700
4218756,Tunápolis,SC,940
4218806,Turvo,SC,1200
4218855,União do Oeste,SC,650
4218905,Urubici,SC,600
4218954,Urupema,SC,70
4219002,Urussanga,SC,600
4219101,Vargeão,SC,750
4219150,Vargem,SC,1500
4219176,Vargem Bonita,SC,1200
4219200,Vidal Ramos,SC,1600
4219309,Videira,SC,5000
4219358,Vitor Meireles,SC,1200
4219408,Witmarsum,SC,750
4219507,Xanxerê,SC,2650
4219606,Xavantina,SC,900
4219705,Xaxim,SC,1200
4219853,Zortéa,SC,1000
4300034,Aceguá,RS,1500
4300059,Água Santa,RS,1400
4300109,Agudo,RS,3500
4300208,Ajuricaba,RS,955
4300307,Alecrim,RS,1000
4300406,Alegrete,RS,3000
4300455,Alegria,RS,1700
4300471,Almirante Tamandaré do Sul,RS,800
4300505,Alpestre,RS,2200
4300554,Alto Alegre,RS,380
4300570,Alto Feliz,RS,150
4300638,Amaral Ferrador,RS,1600
4300646,Ametista do Sul,RS,1000
4300661,André da Rocha,RS,3500
4300703,Anta Gorda,RS,3250
4300802,Antônio Prado,RS,1500
4300851,Arambaré,RS,78
4300877,Araricá,RS,1
4300901,Aratiba,RS,2500
4301008,Arroio do Meio,RS,1200
4301057,Arroio do Sal,RS,7
4301073,Arroio do Padre,RS,600
4301107,Arroio dos Ratos,RS,500
4301206,Arroio do Tigre,RS,3600
4301305,Arroio Grande,RS,740
4301404,Arvorezinha,RS,1600
4301503,Augusto Pestana,RS,280
4301552,Áurea,RS,1700
4301602,Bagé,RS,400
4301636,Balneário Pinhal,RS,4
4301651,Barão,RS,800
4301701,Barão de Cotegipe,RS,4148
4301750,Barão do Triunfo,RS,1000
4301800,Barracão,RS,3000
4301859,Barra do Guarita,RS,500
4301909,Barra do Ribeiro,RS,300
4301925,Barra do Rio Azul,RS,1280
4301958,Barra Funda,RS,450
4302006,Barros Cassal,RS,2500
4302055,Benjamin Constant do Sul,RS,700
4302105,Bento Gonçalves,RS,100
4302154,Boa Vista das Missões,RS,3500
4302204,Boa Vista do Buricá,RS,1200
4302220,Boa Vista do Cadeado,RS,2000
4302238,Boa Vista do Incra,RS,1400
4302253,Boa Vista do Sul,RS,485
4302303,Bom Jesus,RS,9500
4302352,Bom Princípio,RS,400
4302378,Bom Progresso,RS,900
4302402,Bom Retiro do Sul,RS,175
4302451,Boqueirão do Leão,RS,1600
4302501,Bossoroca,RS,2000
4302584,Bozano,RS,360
4302600,Braga,RS,1200
4302659,Brochier,RS,165
4302709,Butiá,RS,200
4302808,Caçapava do Sul,RS,2000
4302907,Cacequi,RS,1100
4303004,Cachoeira do Sul,RS,6000
4303202,Cacique Doble,RS,1000
4303301,Caibaté,RS,2590
4303400,Caiçara,RS,2500
4303509,Camaquã,RS,4200
4303558,Camargo,RS,500
4303608,Cambará do Sul,RS,400
4303673,Campestre da Serra,RS,1550
4303707,Campina das Missões,RS,2030
4303806,Campinas do Sul,RS,2000
4303905,Campo Bom,RS,30
4304002,Campo Novo,RS,3000
4304101,Campos Borges,RS,140
4304200,Candelária,RS,5160
4304309,Cândido Godói,RS,2642
4304358,Candiota,RS,1000
4304408,Canela,RS,150
4304507,Canguçu,RS,13000
4304614,Canudos do Vale,RS,300
4304622,Capão Bonito do Sul,RS,3500
4304630,Capão da Canoa,RS,25
4304655,Capão do Cipó,RS,660
4304663,Capão do Leão,RS,350
4304671,Capivari do Sul,RS,55
4304689,Capela de Santana,RS,40
4304697,Capitão,RS,50
4304705,Carazinho,RS,3000
4304713,Caraá,RS,1100
4304804,Carlos Barbosa,RS,900
4304853,Carlos Gomes,RS,1000
4304903,Casca,RS,3000
4304952,Caseiros,RS,1000
4305009,Catuípe,RS,3000
4305108,Caxias do Sul,RS,7000
4305116,Centenário,RS,900
4305124,Cerrito,RS,1000
4305132,Cerro Branco,RS,800
4305157,Cerro Grande,RS,2000
4305173,Cerro Grande do Sul,RS,2000
4305207,Cerro Largo,RS,2200
4305306,Chapada,RS,3900
4305355,Charqueadas,RS,60
4305371,Charrua,RS,1000
4305405,Chiapetta,RS,3150
4305439,Chuí,RS,10
4305447,Chuvisca,RS,2900
4305454,Cidreira,RS,65
4305504,Ciríaco,RS,2000
4305587,Colinas,RS,250
4305603,Colorado,RS,1520
4305702,Condor,RS,2100
4305801,Constantina,RS,400
4305835,Coqueiro Baixo,RS,250
4305850,Coqueiros do Sul,RS,600
4305871,Coronel Barros,RS,200
4305900,Coronel Bicaco,RS,3600
4305934,Coronel Pilar,RS,330
4305959,Cotiporã,RS,900
4305975,Coxilha,RS,3000
4306007,Crissiumal,RS,3556
4306056,Cristal,RS,1200
4306072,Cristal do Sul,RS,1800
4306106,Cruz Alta,RS,7000
4306130,Cruzaltense,RS,1280
4306205,Cruzeiro do Sul,RS,1400
4306304,David Canabarro,RS,1500
4306320,Derrubadas,RS,3500
4306353,Dezesseis de Novembro,RS,320
4306379,Dilermando de Aguiar,RS,350
4306403,Dois Irmãos,RS,100
4306429,Dois Irmãos das Missões,RS,1800
4306452,Dois Lajeados,RS,1000
4306502,Dom Feliciano,RS,5000
4306601,Dom Pedrito,RS,1200
4306700,Dona Francisca,RS,420
4306734,Doutor Maurício Cardoso,RS,6830
4306759,Doutor Ricardo,RS,1000
4306767,Eldorado do Sul,RS,80
4306809,Encantado,RS,650
4306908,Encruzilhada do Sul,RS,2000
4306924,Engenho Velho,RS,250
4306932,Entre-Ijuís,RS,3600
4306957,Entre Rios do Sul,RS,300
4306973,Erebango,RS,750
4307005,Erechim,RS,1350
4307054,Ernestina,RS,300
4307104,Herval,RS,1500
4307203,Erval Grande,RS,800
4307302,Erval Seco,RS,3000
4307401,Esmeralda,RS,5000
4307450,Esperança do Sul,RS,1400
4307500,Espumoso,RS,1200
4307559,Estação,RS,250
4307609,Estância Velha,RS,60
4307807,Estrela,RS,1000
4307815,Estrela Velha,RS,950
4307831,Eugênio de Castro,RS,2740
4307864,Fagundes Varela,RS,1400
4307906,Farroupilha,RS,1600
4308003,Faxinal do Soturno,RS,280
4308052,Faxinalzinho,RS,400
4308078,Fazenda Vilanova,RS,300
4308102,Feliz,RS,120
4308201,Flores da Cunha,RS,400
4308250,Floriano Peixoto,RS,1200
4308300,Fontoura Xavier,RS,1000
4308409,Formigueiro,RS,312
4308433,Forquetinha,RS,430
4308458,Fortaleza dos Valos,RS,2100
4308508,Frederico Westphalen,RS,3300
4308607,Garibaldi,RS,450
4308656,Garruchos,RS,1300
4308706,Gaurama,RS,800
4308805,General Câmara,RS,2500
4308854,Gentil,RS,300
4308904,Getúlio Vargas,RS,3000
4309001,Giruá,RS,5330
4309050,Glorinha,RS,160
4309100,Gramado,RS,600
4309126,Gramado dos Loureiros,RS,1000
4309159,Gramado Xavier,RS,1500
4309209,Gravataí,RS,20
4309258,Guabiju,RS,800
4309308,Guaíba,RS,200
4309407,Guaporé,RS,2000
4309506,Guarani das Missões,RS,2501
4309555,Harmonia,RS,25
4309571,Herveiras,RS,1500
4309605,Horizontina,RS,5050
4309654,Hulha Negra,RS,1795
4309704,Humaitá,RS,1500
4309753,Ibarama,RS,3500
4309803,Ibiaçá,RS,3500
4309902,Ibiraiaras,RS,3500
4309951,Ibirapuitã,RS,300
4310009,Ibirubá,RS,1925
4310108,Igrejinha,RS,70
4310207,Ijuí,RS,1000
4310306,Ilópolis,RS,950
4310363,Imigrante,RS,200
4310405,Independência,RS,4800
4310413,Inhacorá,RS,850
4310439,Ipê,RS,2000
4310462,Ipiranga do Sul,RS,450
4310504,Iraí,RS,1000
4310538,Itaara,RS,420
4310553,Itacurubi,RS,800
4310579,Itapuca,RS,650
4310603,Itaqui,RS,10000
4310652,Itati,RS,15
4310702,Itatiba do Sul,RS,1800
4310751,Ivorá,RS,750
4310801,Ivoti,RS,120
4310850,Jaboticaba,RS,1000
4310876,Jacuizinho,RS,700
4310900,Jacutinga,RS,1400
4311007,Jaguarão,RS,250
4311106,Jaguari,RS,1650
4311122,Jaquirana,RS,270
4311130,Jari,RS,1900
4311155,Jóia,RS,3200
4311205,Júlio de Castilhos,RS,1500
4311239,Lagoa Bonita do Sul,RS,950
4311254,Lagoão,RS,2500
4311270,Lagoa dos Três Cantos,RS,580
4311304,Lagoa Vermelha,RS,4500
4311403,Lajeado,RS,400
4311429,Lajeado do Bugre,RS,1800
4311502,Lavras do Sul,RS,400
4311601,Liberato Salzano,RS,1200
4311627,Lindolfo Collor,RS,120
4311643,Linha Nova,RS,100
4311700,Machadinho,RS,700
4311718,Maçambará,RS,2050
4311734,Mampituba,RS,180
4311759,Manoel Viana,RS,3600
4311775,Maquiné,RS,1100
4311791,Maratá,RS,50
4311809,Marau,RS,2500
4311908,Marcelino Ramos,RS,2300
4311981,Mariana Pimentel,RS,450
4312005,Mariano Moro,RS,900
4312054,Marques de Souza,RS,500
4312104,Mata,RS,1600
4312138,Mato Castelhano,RS,600
4312153,Mato Leitão,RS,1500
4312179,Mato Queimado,RS,1365
4312203,Maximiliano de Almeida,RS,700
4312252,Minas do Leão,RS,250
4312302,Miraguaí,RS,700
4312351,Montauri,RS,1000
4312377,Monte Alegre dos Campos,RS,550
4312385,Monte Belo do Sul,RS,60
4312401,Montenegro,RS,500
4312427,Mormaço,RS,70
4312443,Morrinhos do Sul,RS,120
4312450,Morro Redondo,RS,600
4312476,Morro Reuter,RS,300
4312500,Mostardas,RS,300
4312609,Muçum,RS,850
4312617,Muitos Capões,RS,15000
4312625,Muliterno,RS,600
4312658,Não-Me-Toque,RS,3370
4312674,Nicolau Vergueiro,RS,100
4312708,Nonoai,RS,1500
4312757,Nova Alvorada,RS,700
4312807,Nova Araçá,RS,1300
4312906,Nova Bassano,RS,4000
4312955,Nova Boa Vista,RS,500
4313003,Nova Bréscia,RS,250
4313011,Nova Candelária,RS,1000
4313037,Nova Esperança do Sul,RS,400
4313060,Nova Hartz,RS,17
4313086,Nova Pádua,RS,215
4313102,Nova Palma,RS,1000
4313201,Nova Petrópolis,RS,1371
4313300,Nova Prata,RS,1750
4313334,Nova Ramada,RS,640
4313359,Nova Roma do Sul,RS,450
4313375,Nova Santa Rita,RS,30
4313391,Novo Cabrais,RS,1300
4313409,Novo Hamburgo,RS,600
4313425,Novo Machado,RS,5100
4313441,Novo Tiradentes,RS,1000
4313466,Novo Xingu,RS,800
4313490,Novo Barreiro,RS,1300
4313508,Osório,RS,100
4313607,Paim Filho,RS,1100
4313656,Palmares do Sul,RS,180
4313706,Palmeira das Missões,RS,14500
4313805,Palmitinho,RS,1200
4313904,Panambi,RS,1300
4313953,Pantano Grande,RS,460
4314001,Paraí,RS,1100
4314027,Paraíso do Sul,RS,3000
4314035,Pareci Novo,RS,10
4314050,Parobé,RS,8
4314068,Passa Sete,RS,1000
4314076,Passo do Sobrado,RS,1300
4314100,Passo Fundo,RS,1400
4314134,Paulo Bento,RS,850
4314159,Paverama,RS,1000
4314175,Pedras Altas,RS,230
4314209,Pedro Osório,RS,100
4314308,Pejuçara,RS,1600
4314407,Pelotas,RS,8000
4314423,Picada Café,RS,200
4314456,Pinhal,RS,1000
4314464,Pinhal da Serra,RS,2500
4314472,Pinhal Grande,RS,1563
4314498,Pinheirinho do Vale,RS,1000
4314506,Pinheiro Machado,RS,800
4314548,Pinto Bandeira,RS,224
4314555,Pirapó,RS,1200
4314605,Piratini,RS,2000
4314704,Planalto,RS,1800
4314753,Poço das Antas,RS,100
4314779,Pontão,RS,3000
4314787,Ponte Preta,RS,550
4314803,Portão,RS,150
4314902,Porto Alegre,RS,30
4315008,Porto Lucena,RS,1410
4315057,Porto Mauá,RS,1650
4315073,Porto Vera Cruz,RS,500
4315107,Porto Xavier,RS,1100
4315131,Pouso Novo,RS,400
4315149,Presidente Lucena,RS,50
4315156,Progresso,RS,1400
4315172,Protásio Alves,RS,985
4315206,Putinga,RS,1800
4315305,Quaraí,RS,30
4315313,Quatro Irmãos,RS,2000
4315321,Quevedos,RS,500
4315354,Quinze de Novembro,RS,200
4315404,Redentora,RS,2700
4315453,Relvado,RS,1000
4315503,Restinga Sêca,RS,725
4315552,Rio dos Índios,RS,1600
4315602,Rio Grande,RS,200
4315701,Rio Pardo,RS,3030
4315750,Riozinho,RS,225
4315800,Roca Sales,RS,1900
4315909,Rodeio Bonito,RS,2100
4315958,Rolador,RS,2050
4316006,Rolante,RS,800
4316105,Ronda Alta,RS,2475
4316204,Rondinha,RS,600
4316303,Roque Gonzales,RS,2560
4316402,Rosário do Sul,RS,650
4316428,Sagrada Família,RS,1500
4316436,Saldanha Marinho,RS,750
4316451,Salto do Jacuí,RS,2100
4316477,Salvador das Missões,RS,850
4316501,Salvador do Sul,RS,1110
4316600,Sananduva,RS,2500
4316709,Santa Bárbara do Sul,RS,3800
4316733,Santa Cecília do Sul,RS,1000
4316758,Santa Clara do Sul,RS,1100
4316808,Santa Cruz do Sul,RS,4700
4316907,Santa Maria,RS,220
4316956,Santa Maria do Herval,RS,1300
4316972,Santa Margarida do Sul,RS,100
4317004,Santana da Boa Vista,RS,2200
4317103,Sant'Ana do Livramento,RS,3500
4317202,Santa Rosa,RS,3000
4317251,Santa Tereza,RS,150
4317301,Santa Vitória do Palmar,RS,40
4317400,Santiago,RS,2430
4317509,Santo Ângelo,RS,3400
4317558,Santo Antônio do Palma,RS,400
4317608,Santo Antônio da Patrulha,RS,2000
4317707,Santo Antônio das Missões,RS,4780
4317756,Santo Antônio do Planalto,RS,900
4317806,Santo Augusto,RS,4400
4317905,Santo Cristo,RS,4408
4317954,Santo Expedito do Sul,RS,600
4318002,São Borja,RS,6000
4318051,São Domingos do Sul,RS,850
4318101,São Francisco de Assis,RS,2000
4318200,São Francisco de Paula,RS,3400
4318309,São Gabriel,RS,3000
4318408,São Jerônimo,RS,800
4318424,São João da Urtiga,RS,1200
4318432,São João do Polêsine,RS,70
4318440,São Jorge,RS,1430
4318457,São José das Missões,RS,900
4318465,São José do Herval,RS,400
4318481,São José do Hortêncio,RS,140
4318499,São José do Inhacorá,RS,300
4318507,São José do Norte,RS,250
4318606,São José do Ouro,RS,2000
4318614,São José do Sul,RS,60
4318622,São José dos Ausentes,RS,1100
4318705,São Leopoldo,RS,15
4318804,São Lourenço do Sul,RS,16000
4318903,São Luiz Gonzaga,RS,12000
4319000,São Marcos,RS,650
4319109,São Martinho,RS,2300
4319125,São Martinho da Serra,RS,500
4319158,São Miguel das Missões,RS,7000
4319208,São Nicolau,RS,3840
4319307,São Paulo das Missões,RS,2100
4319356,São Pedro da Serra,RS,115
4319364,São Pedro das Missões,RS,800
4319372,São Pedro do Butiá,RS,1115
4319406,São Pedro do Sul,RS,2750
4319505,São Sebastião do Caí,RS,200
4319604,São Sepé,RS,2040
4319703,São Valentim,RS,1200
4319711,São Valentim do Sul,RS,450
4319737,São Valério do Sul,RS,650
4319752,São Vendelino,RS,40
4319802,São Vicente do Sul,RS,420
4319901,Sapiranga,RS,120
4320008,Sapucaia do Sul,RS,30
4320107,Sarandi,RS,2200
4320206,Seberi,RS,5000
4320230,Sede Nova,RS,850
4320263,Segredo,RS,1800
4320305,Selbach,RS,1175
4320321,Senador Salgado Filho,RS,815
4320354,Sentinela do Sul,RS,900
4320404,Serafina Corrêa,RS,1600
4320453,Sério,RS,350
4320503,Sertão,RS,2800
4320552,Sertão Santana,RS,1400
4320578,Sete de Setembro,RS,900
4320602,Severiano de Almeida,RS,1300
4320651,Silveira Martins,RS,405
4320677,Sinimbu,RS,2700
4320701,Sobradinho,RS,700
4320800,Soledade,RS,800
4320859,Tabaí,RS,100
4320909,Tapejara,RS,2000
4321006,Tapera,RS,900
4321105,Tapes,RS,150
4321204,Taquara,RS,120
4321303,Taquari,RS,850
4321329,Taquaruçu do Sul,RS,1510
4321352,Tavares,RS,300
4321402,Tenente Portela,RS,3000
4321436,Terra de Areia,RS,42
4321451,Teutônia,RS,1330
4321469,Tio Hugo,RS,30
4321477,Tiradentes do Sul,RS,2000
4321493,Toropi,RS,1150
4321501,Torres,RS,95
4321600,Tramandaí,RS,10
4321626,Travesseiro,RS,150
4321634,Três Arroios,RS,2100
4321667,Três Cachoeiras,RS,80
4321709,Três Coroas,RS,135
4321808,Três de Maio,RS,4724
4321832,Três Forquilhas,RS,100
4321857,Três Palmeiras,RS,1500
4321907,Três Passos,RS,2600
4321956,Trindade do Sul,RS,1800
4322004,Triunfo,RS,1200
4322103,Tucunduva,RS,4350
4322152,Tunas,RS,300
4322186,Tupanci do Sul,RS,1200
4322202,Tupanciretã,RS,2530
4322251,Tupandi,RS,65
4322301,Tuparendi,RS,4029
4322327,Turuçu,RS,1400
4322343,Ubiretama,RS,250
4322350,União da Serra,RS,1400
4322376,Unistalda,RS,500
4322509,Vacaria,RS,16500
4322525,Vale Verde,RS,650
4322533,Vale do Sol,RS,3800
4322541,Vale Real,RS,40
4322558,Vanini,RS,600
4322608,Venâncio Aires,RS,9180
4322707,Vera Cruz,RS,2500
4322806,Veranópolis,RS,900
4322855,Vespasiano Corrêa,RS,1000
4322905,Viadutos,RS,2000
4323002,Viamão,RS,250
4323101,Vicente Dutra,RS,4000
4323200,Victor Graeff,RS,1600
4323309,Vila Flores,RS,900
4323358,Vila Lângaro,RS,2200
4323408,Vila Maria,RS,1300
4323457,Vila Nova do Sul,RS,1200
4323507,Vista Alegre,RS,1000
4323606,Vista Alegre do Prata,RS,800
4323705,Vista Gaúcha,RS,1100
4323754,Vitória das Missões,RS,2177
4323770,Westfália,RS,150
5000203,Água Clara,MS,342
5000252,Alcinópolis,MS,7400
5000609,Amambai,MS,65000
5000708,Anastácio,MS,7230
5000807,Anaurilândia,MS,8500
5000856,Angélica,MS,8400
5000906,Antônio João,MS,30000
5001102,Aquidauana,MS,50
5001243,Aral Moreira,MS,75000
5001508,Bandeirantes,MS,21600
5001904,Bataguassu,MS,4728
5002001,Batayporã,MS,18000
5002100,Bela Vista,MS,26000
5002159,Bodoquena,MS,3958
5002209,Bonito,MS,34610
5002308,Brasilândia,MS,622
5002407,Caarapó,MS,88000
5002605,Camapuã,MS,5050
5002704,Campo Grande,MS,60000
5002803,Caracol,MS,2500
5002902,Cassilândia,MS,10000
5002951,Chapadão do Sul,MS,34073
5003157,Coronel Sapucaia,MS,10010
5003207,Corumbá,MS,1610
5003256,Costa Rica,MS,47000
5003306,Coxim,MS,9720
5003454,Deodápolis,MS,9000
5003488,Dois Irmãos do Buriti,MS,11031
5003504,Douradina,MS,14030
5003702,Dourados,MS,170000
5003751,Eldorado,MS,10000
5003801,Fátima do Sul,MS,10000
5004007,Glória de Dourados,MS,2000
5004106,Guia Lopes da Laguna,MS,15200
5004304,Iguatemi,MS,32000
5004403,Inocência,MS,60
5004502,Itaporã,MS,70000
5004601,Itaquiraí,MS,42050
5004700,Ivinhema,MS,13700
5004809,Japorã,MS,2000
5004908,Jaraguari,MS,7500
5005004,Jardim,MS,11650
5005103,Jateí,MS,18000
5005152,Juti,MS,12004
5005251,Laguna Carapã,MS,65000
5005400,Maracaju,MS,250000
5005608,Miranda,MS,3288
5005681,Mundo Novo,MS,4590
5005707,Naviraí,MS,70000
5005806,Nioaque,MS,6305
5006002,Nova Alvorada do Sul,MS,30200
5006200,Nova Andradina,MS,21800
5006259,Novo Horizonte do Sul,MS,8030
5006275,Paraíso das Águas,MS,6495
5006309,Paranaíba,MS,2232
5006358,Paranhos,MS,8000
5006408,Pedro Gomes,MS,4670
5006606,Ponta Porã,MS,165200
5006903,Porto Murtinho,MS,4000
5007109,Ribas do Rio Pardo,MS,3050
5007208,Rio Brilhante,MS,95000
5007307,Rio Negro,MS,2819
5007406,Rio Verde de Mato Grosso,MS,6500
5007505,Rochedo,MS,4200
5007554,Santa Rita do Pardo,MS,400
5007695,São Gabriel do Oeste,MS,81800
5007703,Sete Quedas,MS,15020
5007802,Selvíria,MS,68
5007901,Sidrolândia,MS,200800
5007935,Sonora,MS,32210
5007950,Tacuru,MS,5160
5007976,Taquarussu,MS,4200
5008008,Terenos,MS,12000
5008404,Vicentina,MS,8080
5100201,Água Boa,MT,38000
5100250,Alta Floresta,MT,11021
5100300,Alto Araguaia,MT,12000
5100359,Alto Boa Vista,MT,21555
5100409,Alto Garças,MT,37500
5100508,Alto Paraguai,MT,4000
5100607,Alto Taquari,MT,41000
5100805,Apiacás,MT,400
5101001,Araguaiana,MT,564
5101209,Araguainha,MT,300
5101258,Araputanga,MT,2600
5101308,Arenápolis,MT,2000
5101407,Aripuanã,MT,4905
5101704,Barra do Bugres,MT,1050
5101803,Barra do Garças,MT,3000
5101852,Bom Jesus do Araguaia,MT,42015
5101902,Brasnorte,MT,111471
5102504,Cáceres,MT,2653
5102603,Campinápolis,MT,7500
5102637,Campo Novo do Parecis,MT,228095
5102678,Campo Verde,MT,95000
5102686,Campos de Júlio,MT,160601
5102694,Canabrava do Norte,MT,10079
5102702,Canarana,MT,100000
5102793,Carlinda,MT,6665
5102850,Castanheira,MT,110
5103007,Chapada dos Guimarães,MT,20000
5103056,Cláudia,MT,61000
5103106,Cocalinho,MT,2000
5103205,Colíder,MT,9662
5103254,Colniza,MT,3115
5103304,Comodoro,MT,37955
5103353,Confresa,MT,19000
5103361,Conquista D'Oeste,MT,3470
5103379,Cotriguaçu,MT,1300
5103437,Curvelândia,MT,18
5103452,Denise,MT,510
5103502,Diamantino,MT,269351
5103601,Dom Aquino,MT,17000
5103700,Feliz Natal,MT,82000
5103809,Figueirópolis D'Oeste,MT,200
5103858,Gaúcha do Norte,MT,95000
5103908,General Carneiro,MT,25000
5103957,Glória D'Oeste,MT,150
5104104,Guarantã do Norte,MT,8800
5104203,Guiratinga,MT,25500
5104500,Indiavaí,MT,180
5104526,Ipiranga do Norte,MT,165000
5104542,Itanhangá,MT,50000
5104559,Itaúba,MT,31000
5104609,Itiquira,MT,92000
5104807,Jaciara,MT,15000
5104906,Jangada,MT,750
5105002,Jauru,MT,120
5105101,Juara,MT,20600
5105150,Juína,MT,6800
5105176,Juruena,MT,1920
5105200,Juscimeira,MT,12000
5105234,Lambari D'Oeste,MT,340
5105259,Lucas do Rio Verde,MT,170000
5105309,Luciara,MT,38
5105507,Vila Bela da Santíssima Trindade,MT,18500
5105580,Marcelândia,MT,30000
5105606,Matupá,MT,35000
5105622,Mirassol d'Oeste,MT,110
5105903,Nobres,MT,24280
5106000,Nortelândia,MT,20003
5106109,Nossa Senhora do Livramento,MT,400
5106158,Nova Bandeirantes,MT,350
5106174,Nova Nazaré,MT,2500
5106182,Nova Lacerda,MT,9613
5106190,Nova Santa Helena,MT,18000
5106208,Nova Brasilândia,MT,3000
5106216,Nova Canaã do Norte,MT,21491
5106224,Nova Mutum,MT,286000
5106232,Nova Olímpia,MT,6
5106240,Nova Ubiratã,MT,302650
5106257,Nova Xavantina,MT,9000
5106265,Novo Mundo,MT,22000
5106273,Novo Horizonte do Norte,MT,1200
5106281,Novo São Joaquim,MT,36200
5106299,Paranaíta,MT,6000
5106307,Paranatinga,MT,78000
5106315,Novo Santo Antônio,MT,845
5106372,Pedra Preta,MT,25500
5106422,Peixoto de Azevedo,MT,15000
5106455,Planalto da Serra,MT,4409
5106505,Poconé,MT,390
5106653,Pontal do Araguaia,MT,250
5106752,Pontes e Lacerda,MT,13000
5106778,Porto Alegre do Norte,MT,28000
5106802,Porto dos Gaúchos,MT,120000
5106828,Porto Esperidião,MT,400
5106851,Porto Estrela,MT,450
5107008,Poxoréu,MT,30000
5107040,Primavera do Leste,MT,150000
5107065,Querência,MT,240000
5107107,São José dos Quatro Marcos,MT,400
5107156,Reserva do Cabaçal,MT,10
5107180,Ribeirão Cascalheira,MT,28000
5107198,Ribeirãozinho,MT,15100
5107206,Rio Branco,MT,300
5107248,Santa Carmem,MT,89000
5107263,Santo Afonso,MT,7900
5107297,São José do Povo,MT,100
5107305,São José do Rio Claro,MT,63000
5107354,São José do Xingu,MT,60000
5107404,São Pedro da Cipa,MT,1430
5107578,Rondolândia,MT,40
5107602,Rondonópolis,MT,30000
5107701,Rosário Oeste,MT,7086
5107743,Santa Cruz do Xingu,MT,18000
5107750,Salto do Céu,MT,860
5107768,Santa Rita do Trivelato,MT,95000
5107776,Santa Terezinha,MT,12000
5107792,Santo Antônio do Leste,MT,70000
5107800,Santo Antônio do Leverger,MT,11000
5107859,São Félix do Araguaia,MT,104920
5107875,Sapezal,MT,171887
5107883,Serra Nova Dourada,MT,300
5107909,Sinop,MT,119000
5107925,Sorriso,MT,544000
5107941,Tabaporã,MT,121000
5107958,Tangará da Serra,MT,67645
5108006,Tapurah,MT,100000
5108055,Terra Nova do Norte,MT,18000
5108105,Tesouro,MT,12300
5108204,Torixoréu,MT,3050
5108303,União do Sul,MT,34000
5108352,Vale de São Domingos,MT,150
5108402,Várzea Grande,MT,50
5108501,Vera,MT,126000
5108600,Vila Rica,MT,25000
5108808,Nova Guarita,MT,5000
5108857,Nova Marilândia,MT,1323
5108907,Nova Maringá,MT,100000
5108956,Nova Monte Verde,MT,1835
5200050,Abadia de Goiás,GO,200
5200100,Abadiânia,GO,1300
5200134,Acreúna,GO,30200
5200159,Adelândia,GO,150
5200175,Água Fria de Goiás,GO,22000
5200209,Água Limpa,GO,77
5200258,Águas Lindas de Goiás,GO,360
5200308,Alexânia,GO,6000
5200506,Aloândia,GO,560
5200555,Alto Horizonte,GO,80
5200605,Alto Paraíso de Goiás,GO,5300
5200803,Alvorada do Norte,GO,850
5200829,Amaralina,GO,180
5200852,Americano do Brasil,GO,560
5200902,Amorinópolis,GO,5000
5201108,Anápolis,GO,1160
5201306,Anicuns,GO,2200
5201405,Aparecida de Goiânia,GO,80
5201454,Aparecida do Rio Doce,GO,500
5201504,Aporé,GO,3000
5201603,Araçu,GO,250
5201801,Aragoiânia,GO,200
5202155,Araguapaz,GO,200
5202502,Aruanã,GO,300
5202809,Avelinópolis,GO,900
5203104,Baliza,GO,1300
5203203,Barro Alto,GO,800
5203302,Bela Vista de Goiás,GO,10100
5203500,Bom Jesus de Goiás,GO,31150
5203559,Bonfinópolis,GO,180
5203575,Bonópolis,GO,562
5203609,Brazabrantes,GO,140
5203807,Britânia,GO,150
5203906,Buriti Alegre,GO,5650
5203939,Buriti de Goiás,GO,160
5203962,Buritinópolis,GO,7
5204003,Cabeceiras,GO,18000
5204250,Cachoeira Dourada,GO,2800
5204300,Caçu,GO,750
5204409,Caiapônia,GO,34000
5204508,Caldas Novas,GO,12000
5204557,Caldazinha,GO,250
5204607,Campestre de Goiás,GO,600
5204656,Campinaçu,GO,226
5204706,Campinorte,GO,1000
5204805,Campo Alegre de Goiás,GO,15000
5204854,Campo Limpo de Goiás,GO,600
5204953,Campos Verdes,GO,50
5205000,Carmo do Rio Verde,GO,570
5205059,Castelândia,GO,1800
5205109,Catalão,GO,19800
5205208,Caturaí,GO,550
5205406,Ceres,GO,700
5205455,Cezarina,GO,1800
5205471,Chapadão do Céu,GO,70000
5205497,Cidade Ocidental,GO,4200
5205513,Cocalzinho de Goiás,GO,8500
5205521,Colinas do Sul,GO,60
5205703,Córrego do Ouro,GO,90
5205802,Corumbá de Goiás,GO,1450
5205901,Corumbaíba,GO,2250
5206206,Cristalina,GO,85000
5206305,Cristianópolis,GO,720
5206404,Crixás,GO,500
5206503,Cromínia,GO,425
5206602,Cumari,GO,500
5206800,Damolândia,GO,90
5206909,Davinópolis,GO,690
5207105,Diorama,GO,2000
5207253,Doverlândia,GO,10000
5207352,Edealina,GO,4000
5207402,Edéia,GO,8700
5207501,Estrela do Norte,GO,221
5207535,Faina,GO,100
5207808,Firminópolis,GO,6000
5207907,Flores de Goiás,GO,4700
5208004,Formosa,GO,12500
5208103,Formoso,GO,176
5208152,Gameleira de Goiás,GO,11200
5208400,Goianápolis,GO,1610
5208509,Goiandira,GO,1800
5208608,Goianésia,GO,1600
5208707,Goiânia,GO,200
5208806,Goianira,GO,150
5209101,Goiatuba,GO,27400
5209150,Gouvelândia,GO,250
5209200,Guapó,GO,800
5209291,Guaraíta,GO,250
5209606,Heitoraí,GO,600
5209705,Hidrolândia,GO,1000
5209804,Hidrolina,GO,200
5209937,Inaciolândia,GO,3300
5209952,Indiara,GO,10500
5210000,Inhumas,GO,2750
5210109,Ipameri,GO,25000
5210158,Ipiranga de Goiás,GO,430
5210208,Iporá,GO,4000
5210406,Itaberaí,GO,21300
5210562,Itaguari,GO,350
5210604,Itaguaru,GO,180
5210802,Itajá,GO,10
5210901,Itapaci,GO,1190
5211008,Itapirapuã,GO,300
5211206,Itapuranga,GO,300
5211305,Itarumã,GO,1050
5211404,Itauçu,GO,700
5211503,Itumbiara,GO,12950
5211701,Jandaia,GO,2400
5211800,Jaraguá,GO,2000
5211909,Jataí,GO,220000
5212055,Jesúpolis,GO,260
5212105,Joviânia,GO,9150
5212204,Jussara,GO,500
5212253,Lagoa Santa,GO,10
5212303,Leopoldo de Bulhões,GO,3750
5212501,Luziânia,GO,18000
5212600,Mairipotaba,GO,205
5212808,Mara Rosa,GO,700
5212907,Marzagão,GO,350
5212956,Matrinchã,GO,600
5213004,Maurilândia,GO,4300
5213053,Mimoso de Goiás,GO,15800
5213087,Minaçu,GO,276
5218003,Porangatu,GO,708
5218052,Porteirão,GO,7170
5218102,Portelândia,GO,15000
5218300,Posse,GO,113
5218391,Professor Jamil,GO,303
5218508,Quirinópolis,GO,9200
5218607,Rialma,GO,420
5218706,Rianápolis,GO,150
5218789,Rio Quente,GO,25
5218805,Rio Verde,GO,342500
5218904,Rubiataba,GO,270
5219001,Sanclerlândia,GO,270
5219100,Santa Bárbara de Goiás,GO,130
5219209,Santa Cruz de Goiás,GO,11800
5219258,Santa Fé de Goiás,GO,650
5219308,Santa Helena de Goiás,GO,50200
5219357,Santa Isabel,GO,600
5219407,Santa Rita do Araguaia,GO,4000
5219456,Santa Rita do Novo Destino,GO,500
5219506,Santa Rosa de Goiás,GO,2150
5219605,Santa Tereza de Goiás,GO,140
5219704,Santa Terezinha de Goiás,GO,250
5219712,Santo Antônio da Barra,GO,5200
5219738,Santo Antônio de Goiás,GO,145
5219753,Santo Antônio do Descoberto,GO,800
5219902,São Francisco de Goiás,GO,50
5220009,São João d'Aliança,GO,17000
5220058,São João da Paraúna,GO,6000
5220157,São Luiz do Norte,GO,180
5220207,São Miguel do Araguaia,GO,214
5220264,São Miguel do Passa Quatro,GO,7600
5220280,São Patrício,GO,400
5220405,São Simão,GO,50
5220454,Senador Canedo,GO,700
5220504,Serranópolis,GO,25000
5220603,Silvânia,GO,37800
5220702,Sítio d'Abadia,GO,1230
5221007,Taquaral de Goiás,GO,100
5221197,Terezópolis de Goiás,GO,620
5221304,Três Ranchos,GO,450
5221403,Trindade,GO,800
5221452,Trombas,GO,25
5221502,Turvânia,GO,2000
5221551,Turvelândia,GO,8000
5221577,Uirapuru,GO,100
5221601,Uruaçu,GO,4300
5221700,Uruana,GO,1500
5221809,Urutaí,GO,3650
5221908,Varjão,GO,850
5222005,Vianópolis,GO,17000
5222054,Vicentinópolis,GO,6850
5222203,Vila Boa,GO,1400
5222302,Vila Propício,GO,1000
5300108,Brasília,DF,60000
